row_number,uid,original_document_id,type
1,UID-0001,HHS-ONC-2026-0001-0348,real
2,UID-0002,HHS-ONC-2026-0001-0066,real
3,UID-0003,HHS-ONC-2026-0001-0293,real
4,UID-0004,HHS-ONC-2026-0001-0233,real
5,UID-0005,HHS-ONC-2026-0001-0308,real
6,UID-0006,HHS-ONC-2026-0001-0002,real
7,UID-0007,HHS-ONC-2026-0001-0355,real
8,UID-0008,HHS-ONC-2026-0001-0050,real
9,UID-0009,HHS-ONC-2026-0001-0412,real
10,UID-0010,SYNTH-0067,synthetic
11,UID-0011,HHS-ONC-2026-0001-0246,real
12,UID-0012,HHS-ONC-2026-0001-0272,real
13,UID-0013,HHS-ONC-2026-0001-0058,real
14,UID-0014,HHS-ONC-2026-0001-0034,real
15,UID-0015,HHS-ONC-2026-0001-0373,real
16,UID-0016,SYNTH-0027,synthetic
17,UID-0017,HHS-ONC-2026-0001-0069,real
18,UID-0018,HHS-ONC-2026-0001-0413,real
19,UID-0019,HHS-ONC-2026-0001-0014,real
20,UID-0020,HHS-ONC-2026-0001-0242,real
21,UID-0021,HHS-ONC-2026-0001-0365,real
22,UID-0022,HHS-ONC-2026-0001-0320,real
23,UID-0023,HHS-ONC-2026-0001-0375,real
24,UID-0024,HHS-ONC-2026-0001-0433,real
25,UID-0025,HHS-ONC-2026-0001-0306,real
26,UID-0026,SYNTH-0035,synthetic
27,UID-0027,SYNTH-0082,synthetic
28,UID-0028,HHS-ONC-2026-0001-0009,real
29,UID-0029,HHS-ONC-2026-0001-0140,real
30,UID-0030,HHS-ONC-2026-0001-0052,real
31,UID-0031,HHS-ONC-2026-0001-0386,real
32,UID-0032,HHS-ONC-2026-0001-0171,real
33,UID-0033,HHS-ONC-2026-0001-0150,real
34,UID-0034,HHS-ONC-2026-0001-0195,real
35,UID-0035,HHS-ONC-2026-0001-0033,real
36,UID-0036,SYNTH-0078,synthetic
37,UID-0037,HHS-ONC-2026-0001-0095,real
38,UID-0038,HHS-ONC-2026-0001-0023,real
39,UID-0039,HHS-ONC-2026-0001-0011,real
40,UID-0040,HHS-ONC-2026-0001-0204,real
41,UID-0041,HHS-ONC-2026-0001-0266,real
42,UID-0042,HHS-ONC-2026-0001-0099,real
43,UID-0043,SYNTH-0037,synthetic
44,UID-0044,HHS-ONC-2026-0001-0064,real
45,UID-0045,HHS-ONC-2026-0001-0356,real
46,UID-0046,HHS-ONC-2026-0001-0019,real
47,UID-0047,HHS-ONC-2026-0001-0234,real
48,UID-0048,SYNTH-0010,synthetic
49,UID-0049,HHS-ONC-2026-0001-0416,real
50,UID-0050,HHS-ONC-2026-0001-0222,real
51,UID-0051,HHS-ONC-2026-0001-0273,real
52,UID-0052,HHS-ONC-2026-0001-0074,real
53,UID-0053,HHS-ONC-2026-0001-0126,real
54,UID-0054,HHS-ONC-2026-0001-0319,real
55,UID-0055,HHS-ONC-2026-0001-0345,real
56,UID-0056,HHS-ONC-2026-0001-0270,real
57,UID-0057,SYNTH-0061,synthetic
58,UID-0058,HHS-ONC-2026-0001-0044,real
59,UID-0059,HHS-ONC-2026-0001-0281,real
60,UID-0060,HHS-ONC-2026-0001-0241,real
61,UID-0061,HHS-ONC-2026-0001-0225,real
62,UID-0062,HHS-ONC-2026-0001-0256,real
63,UID-0063,HHS-ONC-2026-0001-0170,real
64,UID-0064,HHS-ONC-2026-0001-0166,real
65,UID-0065,HHS-ONC-2026-0001-0330,real
66,UID-0066,HHS-ONC-2026-0001-0278,real
67,UID-0067,HHS-ONC-2026-0001-0102,real
68,UID-0068,SYNTH-0057,synthetic
69,UID-0069,HHS-ONC-2026-0001-0300,real
70,UID-0070,HHS-ONC-2026-0001-0160,real
71,UID-0071,HHS-ONC-2026-0001-0368,real
72,UID-0072,HHS-ONC-2026-0001-0045,real
73,UID-0073,HHS-ONC-2026-0001-0404,real
74,UID-0074,HHS-ONC-2026-0001-0346,real
75,UID-0075,SYNTH-0033,synthetic
76,UID-0076,HHS-ONC-2026-0001-0096,real
77,UID-0077,SYNTH-0087,synthetic
78,UID-0078,HHS-ONC-2026-0001-0031,real
79,UID-0079,HHS-ONC-2026-0001-0239,real
80,UID-0080,HHS-ONC-2026-0001-0302,real
81,UID-0081,HHS-ONC-2026-0001-0124,real
82,UID-0082,HHS-ONC-2026-0001-0144,real
83,UID-0083,SYNTH-0066,synthetic
84,UID-0084,HHS-ONC-2026-0001-0237,real
85,UID-0085,SYNTH-0058,synthetic
86,UID-0086,SYNTH-0003,synthetic
87,UID-0087,HHS-ONC-2026-0001-0134,real
88,UID-0088,HHS-ONC-2026-0001-0295,real
89,UID-0089,SYNTH-0089,synthetic
90,UID-0090,HHS-ONC-2026-0001-0168,real
91,UID-0091,HHS-ONC-2026-0001-0149,real
92,UID-0092,HHS-ONC-2026-0001-0310,real
93,UID-0093,HHS-ONC-2026-0001-0199,real
94,UID-0094,HHS-ONC-2026-0001-0261,real
95,UID-0095,HHS-ONC-2026-0001-0132,real
96,UID-0096,HHS-ONC-2026-0001-0434,real
97,UID-0097,HHS-ONC-2026-0001-0039,real
98,UID-0098,SYNTH-0025,synthetic
99,UID-0099,HHS-ONC-2026-0001-0180,real
100,UID-0100,HHS-ONC-2026-0001-0200,real
101,UID-0101,HHS-ONC-2026-0001-0334,real
102,UID-0102,HHS-ONC-2026-0001-0181,real
103,UID-0103,HHS-ONC-2026-0001-0307,real
104,UID-0104,HHS-ONC-2026-0001-0228,real
105,UID-0105,HHS-ONC-2026-0001-0299,real
106,UID-0106,HHS-ONC-2026-0001-0407,real
107,UID-0107,HHS-ONC-2026-0001-0371,real
108,UID-0108,HHS-ONC-2026-0001-0117,real
109,UID-0109,HHS-ONC-2026-0001-0351,real
110,UID-0110,HHS-ONC-2026-0001-0444,real
111,UID-0111,HHS-ONC-2026-0001-0178,real
112,UID-0112,HHS-ONC-2026-0001-0445,real
113,UID-0113,HHS-ONC-2026-0001-0361,real
114,UID-0114,HHS-ONC-2026-0001-0113,real
115,UID-0115,HHS-ONC-2026-0001-0396,real
116,UID-0116,HHS-ONC-2026-0001-0214,real
117,UID-0117,HHS-ONC-2026-0001-0443,real
118,UID-0118,SYNTH-0034,synthetic
119,UID-0119,SYNTH-0048,synthetic
120,UID-0120,HHS-ONC-2026-0001-0003,real
121,UID-0121,HHS-ONC-2026-0001-0259,real
122,UID-0122,HHS-ONC-2026-0001-0279,real
123,UID-0123,HHS-ONC-2026-0001-0192,real
124,UID-0124,HHS-ONC-2026-0001-0154,real
125,UID-0125,HHS-ONC-2026-0001-0223,real
126,UID-0126,HHS-ONC-2026-0001-0083,real
127,UID-0127,HHS-ONC-2026-0001-0087,real
128,UID-0128,HHS-ONC-2026-0001-0374,real
129,UID-0129,SYNTH-0065,synthetic
130,UID-0130,HHS-ONC-2026-0001-0230,real
131,UID-0131,HHS-ONC-2026-0001-0004,real
132,UID-0132,HHS-ONC-2026-0001-0188,real
133,UID-0133,HHS-ONC-2026-0001-0429,real
134,UID-0134,HHS-ONC-2026-0001-0038,real
135,UID-0135,HHS-ONC-2026-0001-0197,real
136,UID-0136,SYNTH-0001,synthetic
137,UID-0137,SYNTH-0059,synthetic
138,UID-0138,SYNTH-0096,synthetic
139,UID-0139,HHS-ONC-2026-0001-0327,real
140,UID-0140,HHS-ONC-2026-0001-0077,real
141,UID-0141,HHS-ONC-2026-0001-0400,real
142,UID-0142,HHS-ONC-2026-0001-0423,real
143,UID-0143,HHS-ONC-2026-0001-0162,real
144,UID-0144,HHS-ONC-2026-0001-0290,real
145,UID-0145,SYNTH-0019,synthetic
146,UID-0146,HHS-ONC-2026-0001-0318,real
147,UID-0147,HHS-ONC-2026-0001-0177,real
148,UID-0148,HHS-ONC-2026-0001-0115,real
149,UID-0149,HHS-ONC-2026-0001-0372,real
150,UID-0150,HHS-ONC-2026-0001-0357,real
151,UID-0151,HHS-ONC-2026-0001-0254,real
152,UID-0152,HHS-ONC-2026-0001-0344,real
153,UID-0153,SYNTH-0021,synthetic
154,UID-0154,SYNTH-0014,synthetic
155,UID-0155,HHS-ONC-2026-0001-0024,real
156,UID-0156,HHS-ONC-2026-0001-0047,real
157,UID-0157,HHS-ONC-2026-0001-0229,real
158,UID-0158,HHS-ONC-2026-0001-0055,real
159,UID-0159,HHS-ONC-2026-0001-0122,real
160,UID-0160,HHS-ONC-2026-0001-0017,real
161,UID-0161,HHS-ONC-2026-0001-0360,real
162,UID-0162,HHS-ONC-2026-0001-0252,real
163,UID-0163,HHS-ONC-2026-0001-0263,real
164,UID-0164,HHS-ONC-2026-0001-0406,real
165,UID-0165,HHS-ONC-2026-0001-0220,real
166,UID-0166,HHS-ONC-2026-0001-0001,real
167,UID-0167,SYNTH-0032,synthetic
168,UID-0168,HHS-ONC-2026-0001-0042,real
169,UID-0169,HHS-ONC-2026-0001-0146,real
170,UID-0170,HHS-ONC-2026-0001-0040,real
171,UID-0171,HHS-ONC-2026-0001-0280,real
172,UID-0172,SYNTH-0076,synthetic
173,UID-0173,HHS-ONC-2026-0001-0438,real
174,UID-0174,HHS-ONC-2026-0001-0282,real
175,UID-0175,HHS-ONC-2026-0001-0399,real
176,UID-0176,SYNTH-0079,synthetic
177,UID-0177,HHS-ONC-2026-0001-0215,real
178,UID-0178,HHS-ONC-2026-0001-0054,real
179,UID-0179,HHS-ONC-2026-0001-0088,real
180,UID-0180,HHS-ONC-2026-0001-0411,real
181,UID-0181,HHS-ONC-2026-0001-0333,real
182,UID-0182,HHS-ONC-2026-0001-0322,real
183,UID-0183,HHS-ONC-2026-0001-0342,real
184,UID-0184,HHS-ONC-2026-0001-0068,real
185,UID-0185,HHS-ONC-2026-0001-0305,real
186,UID-0186,HHS-ONC-2026-0001-0349,real
187,UID-0187,HHS-ONC-2026-0001-0207,real
188,UID-0188,HHS-ONC-2026-0001-0313,real
189,UID-0189,HHS-ONC-2026-0001-0209,real
190,UID-0190,HHS-ONC-2026-0001-0073,real
191,UID-0191,HHS-ONC-2026-0001-0251,real
192,UID-0192,HHS-ONC-2026-0001-0070,real
193,UID-0193,HHS-ONC-2026-0001-0232,real
194,UID-0194,HHS-ONC-2026-0001-0021,real
195,UID-0195,HHS-ONC-2026-0001-0202,real
196,UID-0196,HHS-ONC-2026-0001-0036,real
197,UID-0197,HHS-ONC-2026-0001-0303,real
198,UID-0198,HHS-ONC-2026-0001-0388,real
199,UID-0199,HHS-ONC-2026-0001-0182,real
200,UID-0200,HHS-ONC-2026-0001-0248,real
201,UID-0201,SYNTH-0075,synthetic
202,UID-0202,HHS-ONC-2026-0001-0183,real
203,UID-0203,SYNTH-0016,synthetic
204,UID-0204,HHS-ONC-2026-0001-0363,real
205,UID-0205,HHS-ONC-2026-0001-0193,real
206,UID-0206,HHS-ONC-2026-0001-0151,real
207,UID-0207,HHS-ONC-2026-0001-0257,real
208,UID-0208,HHS-ONC-2026-0001-0267,real
209,UID-0209,HHS-ONC-2026-0001-0358,real
210,UID-0210,HHS-ONC-2026-0001-0013,real
211,UID-0211,HHS-ONC-2026-0001-0321,real
212,UID-0212,HHS-ONC-2026-0001-0420,real
213,UID-0213,HHS-ONC-2026-0001-0402,real
214,UID-0214,HHS-ONC-2026-0001-0255,real
215,UID-0215,HHS-ONC-2026-0001-0136,real
216,UID-0216,HHS-ONC-2026-0001-0016,real
217,UID-0217,HHS-ONC-2026-0001-0236,real
218,UID-0218,HHS-ONC-2026-0001-0410,real
219,UID-0219,HHS-ONC-2026-0001-0142,real
220,UID-0220,HHS-ONC-2026-0001-0238,real
221,UID-0221,SYNTH-0043,synthetic
222,UID-0222,HHS-ONC-2026-0001-0316,real
223,UID-0223,HHS-ONC-2026-0001-0030,real
224,UID-0224,HHS-ONC-2026-0001-0408,real
225,UID-0225,HHS-ONC-2026-0001-0026,real
226,UID-0226,HHS-ONC-2026-0001-0184,real
227,UID-0227,HHS-ONC-2026-0001-0027,real
228,UID-0228,HHS-ONC-2026-0001-0218,real
229,UID-0229,HHS-ONC-2026-0001-0258,real
230,UID-0230,HHS-ONC-2026-0001-0172,real
231,UID-0231,HHS-ONC-2026-0001-0294,real
232,UID-0232,HHS-ONC-2026-0001-0385,real
233,UID-0233,HHS-ONC-2026-0001-0391,real
234,UID-0234,HHS-ONC-2026-0001-0296,real
235,UID-0235,HHS-ONC-2026-0001-0048,real
236,UID-0236,SYNTH-0013,synthetic
237,UID-0237,HHS-ONC-2026-0001-0394,real
238,UID-0238,HHS-ONC-2026-0001-0191,real
239,UID-0239,SYNTH-0038,synthetic
240,UID-0240,SYNTH-0064,synthetic
241,UID-0241,HHS-ONC-2026-0001-0383,real
242,UID-0242,HHS-ONC-2026-0001-0111,real
243,UID-0243,HHS-ONC-2026-0001-0260,real
244,UID-0244,HHS-ONC-2026-0001-0447,real
245,UID-0245,SYNTH-0040,synthetic
246,UID-0246,HHS-ONC-2026-0001-0081,real
247,UID-0247,HHS-ONC-2026-0001-0427,real
248,UID-0248,SYNTH-0044,synthetic
249,UID-0249,HHS-ONC-2026-0001-0163,real
250,UID-0250,HHS-ONC-2026-0001-0341,real
251,UID-0251,HHS-ONC-2026-0001-0175,real
252,UID-0252,HHS-ONC-2026-0001-0339,real
253,UID-0253,HHS-ONC-2026-0001-0384,real
254,UID-0254,HHS-ONC-2026-0001-0057,real
255,UID-0255,HHS-ONC-2026-0001-0082,real
256,UID-0256,HHS-ONC-2026-0001-0415,real
257,UID-0257,HHS-ONC-2026-0001-0179,real
258,UID-0258,HHS-ONC-2026-0001-0212,real
259,UID-0259,SYNTH-0068,synthetic
260,UID-0260,HHS-ONC-2026-0001-0285,real
261,UID-0261,HHS-ONC-2026-0001-0426,real
262,UID-0262,HHS-ONC-2026-0001-0264,real
263,UID-0263,SYNTH-0028,synthetic
264,UID-0264,HHS-ONC-2026-0001-0156,real
265,UID-0265,HHS-ONC-2026-0001-0159,real
266,UID-0266,HHS-ONC-2026-0001-0129,real
267,UID-0267,HHS-ONC-2026-0001-0409,real
268,UID-0268,HHS-ONC-2026-0001-0226,real
269,UID-0269,HHS-ONC-2026-0001-0417,real
270,UID-0270,HHS-ONC-2026-0001-0107,real
271,UID-0271,HHS-ONC-2026-0001-0012,real
272,UID-0272,SYNTH-0006,synthetic
273,UID-0273,HHS-ONC-2026-0001-0448,real
274,UID-0274,HHS-ONC-2026-0001-0286,real
275,UID-0275,SYNTH-0046,synthetic
276,UID-0276,SYNTH-0074,synthetic
277,UID-0277,HHS-ONC-2026-0001-0165,real
278,UID-0278,HHS-ONC-2026-0001-0317,real
279,UID-0279,HHS-ONC-2026-0001-0309,real
280,UID-0280,SYNTH-0091,synthetic
281,UID-0281,SYNTH-0050,synthetic
282,UID-0282,HHS-ONC-2026-0001-0324,real
283,UID-0283,HHS-ONC-2026-0001-0312,real
284,UID-0284,HHS-ONC-2026-0001-0046,real
285,UID-0285,HHS-ONC-2026-0001-0196,real
286,UID-0286,SYNTH-0052,synthetic
287,UID-0287,HHS-ONC-2026-0001-0378,real
288,UID-0288,HHS-ONC-2026-0001-0169,real
289,UID-0289,HHS-ONC-2026-0001-0167,real
290,UID-0290,HHS-ONC-2026-0001-0060,real
291,UID-0291,HHS-ONC-2026-0001-0405,real
292,UID-0292,HHS-ONC-2026-0001-0086,real
293,UID-0293,HHS-ONC-2026-0001-0398,real
294,UID-0294,HHS-ONC-2026-0001-0437,real
295,UID-0295,HHS-ONC-2026-0001-0262,real
296,UID-0296,HHS-ONC-2026-0001-0025,real
297,UID-0297,HHS-ONC-2026-0001-0106,real
298,UID-0298,HHS-ONC-2026-0001-0442,real
299,UID-0299,HHS-ONC-2026-0001-0176,real
300,UID-0300,HHS-ONC-2026-0001-0035,real
301,UID-0301,HHS-ONC-2026-0001-0105,real
302,UID-0302,HHS-ONC-2026-0001-0075,real
303,UID-0303,HHS-ONC-2026-0001-0015,real
304,UID-0304,SYNTH-0011,synthetic
305,UID-0305,HHS-ONC-2026-0001-0414,real
306,UID-0306,SYNTH-0081,synthetic
307,UID-0307,SYNTH-0030,synthetic
308,UID-0308,HHS-ONC-2026-0001-0381,real
309,UID-0309,SYNTH-0080,synthetic
310,UID-0310,HHS-ONC-2026-0001-0245,real
311,UID-0311,SYNTH-0024,synthetic
312,UID-0312,HHS-ONC-2026-0001-0116,real
313,UID-0313,HHS-ONC-2026-0001-0289,real
314,UID-0314,HHS-ONC-2026-0001-0022,real
315,UID-0315,HHS-ONC-2026-0001-0392,real
316,UID-0316,HHS-ONC-2026-0001-0049,real
317,UID-0317,HHS-ONC-2026-0001-0110,real
318,UID-0318,HHS-ONC-2026-0001-0208,real
319,UID-0319,SYNTH-0053,synthetic
320,UID-0320,HHS-ONC-2026-0001-0206,real
321,UID-0321,SYNTH-0063,synthetic
322,UID-0322,HHS-ONC-2026-0001-0425,real
323,UID-0323,HHS-ONC-2026-0001-0145,real
324,UID-0324,HHS-ONC-2026-0001-0093,real
325,UID-0325,HHS-ONC-2026-0001-0340,real
326,UID-0326,SYNTH-0049,synthetic
327,UID-0327,HHS-ONC-2026-0001-0314,real
328,UID-0328,HHS-ONC-2026-0001-0419,real
329,UID-0329,HHS-ONC-2026-0001-0274,real
330,UID-0330,HHS-ONC-2026-0001-0432,real
331,UID-0331,HHS-ONC-2026-0001-0125,real
332,UID-0332,SYNTH-0026,synthetic
333,UID-0333,SYNTH-0051,synthetic
334,UID-0334,HHS-ONC-2026-0001-0079,real
335,UID-0335,SYNTH-0073,synthetic
336,UID-0336,HHS-ONC-2026-0001-0347,real
337,UID-0337,HHS-ONC-2026-0001-0276,real
338,UID-0338,HHS-ONC-2026-0001-0401,real
339,UID-0339,HHS-ONC-2026-0001-0020,real
340,UID-0340,HHS-ONC-2026-0001-0119,real
341,UID-0341,SYNTH-0084,synthetic
342,UID-0342,HHS-ONC-2026-0001-0010,real
343,UID-0343,HHS-ONC-2026-0001-0217,real
344,UID-0344,HHS-ONC-2026-0001-0436,real
345,UID-0345,HHS-ONC-2026-0001-0053,real
346,UID-0346,HHS-ONC-2026-0001-0240,real
347,UID-0347,HHS-ONC-2026-0001-0210,real
348,UID-0348,SYNTH-0008,synthetic
349,UID-0349,HHS-ONC-2026-0001-0138,real
350,UID-0350,SYNTH-0036,synthetic
351,UID-0351,HHS-ONC-2026-0001-0056,real
352,UID-0352,HHS-ONC-2026-0001-0194,real
353,UID-0353,HHS-ONC-2026-0001-0265,real
354,UID-0354,HHS-ONC-2026-0001-0354,real
355,UID-0355,HHS-ONC-2026-0001-0418,real
356,UID-0356,SYNTH-0009,synthetic
357,UID-0357,HHS-ONC-2026-0001-0291,real
358,UID-0358,HHS-ONC-2026-0001-0224,real
359,UID-0359,HHS-ONC-2026-0001-0382,real
360,UID-0360,HHS-ONC-2026-0001-0092,real
361,UID-0361,HHS-ONC-2026-0001-0328,real
362,UID-0362,SYNTH-0020,synthetic
363,UID-0363,HHS-ONC-2026-0001-0304,real
364,UID-0364,SYNTH-0069,synthetic
365,UID-0365,HHS-ONC-2026-0001-0235,real
366,UID-0366,HHS-ONC-2026-0001-0094,real
367,UID-0367,HHS-ONC-2026-0001-0422,real
368,UID-0368,HHS-ONC-2026-0001-0428,real
369,UID-0369,HHS-ONC-2026-0001-0315,real
370,UID-0370,HHS-ONC-2026-0001-0298,real
371,UID-0371,SYNTH-0015,synthetic
372,UID-0372,HHS-ONC-2026-0001-0366,real
373,UID-0373,HHS-ONC-2026-0001-0353,real
374,UID-0374,SYNTH-0055,synthetic
375,UID-0375,HHS-ONC-2026-0001-0370,real
376,UID-0376,SYNTH-0012,synthetic
377,UID-0377,SYNTH-0054,synthetic
378,UID-0378,HHS-ONC-2026-0001-0350,real
379,UID-0379,HHS-ONC-2026-0001-0152,real
380,UID-0380,HHS-ONC-2026-0001-0337,real
381,UID-0381,SYNTH-0090,synthetic
382,UID-0382,HHS-ONC-2026-0001-0311,real
383,UID-0383,HHS-ONC-2026-0001-0249,real
384,UID-0384,HHS-ONC-2026-0001-0128,real
385,UID-0385,HHS-ONC-2026-0001-0403,real
386,UID-0386,HHS-ONC-2026-0001-0379,real
387,UID-0387,HHS-ONC-2026-0001-0065,real
388,UID-0388,SYNTH-0002,synthetic
389,UID-0389,HHS-ONC-2026-0001-0397,real
390,UID-0390,HHS-ONC-2026-0001-0326,real
391,UID-0391,HHS-ONC-2026-0001-0148,real
392,UID-0392,HHS-ONC-2026-0001-0028,real
393,UID-0393,HHS-ONC-2026-0001-0389,real
394,UID-0394,HHS-ONC-2026-0001-0135,real
395,UID-0395,HHS-ONC-2026-0001-0395,real
396,UID-0396,HHS-ONC-2026-0001-0189,real
397,UID-0397,SYNTH-0092,synthetic
398,UID-0398,HHS-ONC-2026-0001-0292,real
399,UID-0399,HHS-ONC-2026-0001-0037,real
400,UID-0400,HHS-ONC-2026-0001-0390,real
401,UID-0401,HHS-ONC-2026-0001-0062,real
402,UID-0402,SYNTH-0060,synthetic
403,UID-0403,HHS-ONC-2026-0001-0147,real
404,UID-0404,HHS-ONC-2026-0001-0393,real
405,UID-0405,HHS-ONC-2026-0001-0090,real
406,UID-0406,HHS-ONC-2026-0001-0221,real
407,UID-0407,HHS-ONC-2026-0001-0121,real
408,UID-0408,SYNTH-0023,synthetic
409,UID-0409,HHS-ONC-2026-0001-0118,real
410,UID-0410,HHS-ONC-2026-0001-0133,real
411,UID-0411,SYNTH-0039,synthetic
412,UID-0412,HHS-ONC-2026-0001-0335,real
413,UID-0413,HHS-ONC-2026-0001-0071,real
414,UID-0414,SYNTH-0071,synthetic
415,UID-0415,HHS-ONC-2026-0001-0174,real
416,UID-0416,SYNTH-0041,synthetic
417,UID-0417,HHS-ONC-2026-0001-0288,real
418,UID-0418,SYNTH-0093,synthetic
419,UID-0419,HHS-ONC-2026-0001-0043,real
420,UID-0420,HHS-ONC-2026-0001-0250,real
421,UID-0421,HHS-ONC-2026-0001-0205,real
422,UID-0422,SYNTH-0007,synthetic
423,UID-0423,HHS-ONC-2026-0001-0211,real
424,UID-0424,HHS-ONC-2026-0001-0098,real
425,UID-0425,HHS-ONC-2026-0001-0424,real
426,UID-0426,HHS-ONC-2026-0001-0158,real
427,UID-0427,HHS-ONC-2026-0001-0076,real
428,UID-0428,HHS-ONC-2026-0001-0325,real
429,UID-0429,SYNTH-0047,synthetic
430,UID-0430,HHS-ONC-2026-0001-0216,real
431,UID-0431,HHS-ONC-2026-0001-0367,real
432,UID-0432,HHS-ONC-2026-0001-0380,real
433,UID-0433,HHS-ONC-2026-0001-0164,real
434,UID-0434,HHS-ONC-2026-0001-0446,real
435,UID-0435,HHS-ONC-2026-0001-0243,real
436,UID-0436,HHS-ONC-2026-0001-0283,real
437,UID-0437,HHS-ONC-2026-0001-0157,real
438,UID-0438,SYNTH-0072,synthetic
439,UID-0439,HHS-ONC-2026-0001-0067,real
440,UID-0440,HHS-ONC-2026-0001-0186,real
441,UID-0441,HHS-ONC-2026-0001-0287,real
442,UID-0442,HHS-ONC-2026-0001-0153,real
443,UID-0443,SYNTH-0031,synthetic
444,UID-0444,HHS-ONC-2026-0001-0173,real
445,UID-0445,SYNTH-0004,synthetic
446,UID-0446,HHS-ONC-2026-0001-0161,real
447,UID-0447,HHS-ONC-2026-0001-0284,real
448,UID-0448,HHS-ONC-2026-0001-0041,real
449,UID-0449,HHS-ONC-2026-0001-0029,real
450,UID-0450,SYNTH-0022,synthetic
451,UID-0451,SYNTH-0094,synthetic
452,UID-0452,HHS-ONC-2026-0001-0213,real
453,UID-0453,HHS-ONC-2026-0001-0231,real
454,UID-0454,HHS-ONC-2026-0001-0091,real
455,UID-0455,HHS-ONC-2026-0001-0187,real
456,UID-0456,HHS-ONC-2026-0001-0101,real
457,UID-0457,HHS-ONC-2026-0001-0219,real
458,UID-0458,HHS-ONC-2026-0001-0051,real
459,UID-0459,HHS-ONC-2026-0001-0130,real
460,UID-0460,HHS-ONC-2026-0001-0139,real
461,UID-0461,HHS-ONC-2026-0001-0007,real
462,UID-0462,SYNTH-0077,synthetic
463,UID-0463,HHS-ONC-2026-0001-0352,real
464,UID-0464,HHS-ONC-2026-0001-0364,real
465,UID-0465,HHS-ONC-2026-0001-0084,real
466,UID-0466,HHS-ONC-2026-0001-0301,real
467,UID-0467,HHS-ONC-2026-0001-0008,real
468,UID-0468,HHS-ONC-2026-0001-0114,real
469,UID-0469,HHS-ONC-2026-0001-0431,real
470,UID-0470,HHS-ONC-2026-0001-0061,real
471,UID-0471,HHS-ONC-2026-0001-0430,real
472,UID-0472,HHS-ONC-2026-0001-0104,real
473,UID-0473,HHS-ONC-2026-0001-0127,real
474,UID-0474,HHS-ONC-2026-0001-0190,real
475,UID-0475,HHS-ONC-2026-0001-0097,real
476,UID-0476,HHS-ONC-2026-0001-0108,real
477,UID-0477,HHS-ONC-2026-0001-0112,real
478,UID-0478,HHS-ONC-2026-0001-0198,real
479,UID-0479,HHS-ONC-2026-0001-0275,real
480,UID-0480,HHS-ONC-2026-0001-0268,real
481,UID-0481,HHS-ONC-2026-0001-0078,real
482,UID-0482,HHS-ONC-2026-0001-0435,real
483,UID-0483,HHS-ONC-2026-0001-0331,real
484,UID-0484,HHS-ONC-2026-0001-0141,real
485,UID-0485,HHS-ONC-2026-0001-0143,real
486,UID-0486,SYNTH-0083,synthetic
487,UID-0487,HHS-ONC-2026-0001-0006,real
488,UID-0488,HHS-ONC-2026-0001-0100,real
489,UID-0489,HHS-ONC-2026-0001-0123,real
490,UID-0490,HHS-ONC-2026-0001-0089,real
491,UID-0491,HHS-ONC-2026-0001-0359,real
492,UID-0492,SYNTH-0070,synthetic
493,UID-0493,HHS-ONC-2026-0001-0185,real
494,UID-0494,HHS-ONC-2026-0001-0103,real
495,UID-0495,HHS-ONC-2026-0001-0271,real
496,UID-0496,HHS-ONC-2026-0001-0253,real
497,UID-0497,HHS-ONC-2026-0001-0059,real
498,UID-0498,SYNTH-0056,synthetic
499,UID-0499,HHS-ONC-2026-0001-0120,real
500,UID-0500,HHS-ONC-2026-0001-0338,real
501,UID-0501,HHS-ONC-2026-0001-0072,real
502,UID-0502,SYNTH-0005,synthetic
503,UID-0503,HHS-ONC-2026-0001-0343,real
504,UID-0504,HHS-ONC-2026-0001-0063,real
505,UID-0505,HHS-ONC-2026-0001-0269,real
506,UID-0506,SYNTH-0085,synthetic
507,UID-0507,HHS-ONC-2026-0001-0080,real
508,UID-0508,HHS-ONC-2026-0001-0441,real
509,UID-0509,HHS-ONC-2026-0001-0439,real
510,UID-0510,HHS-ONC-2026-0001-0155,real
511,UID-0511,HHS-ONC-2026-0001-0227,real
512,UID-0512,SYNTH-0045,synthetic
513,UID-0513,HHS-ONC-2026-0001-0244,real
514,UID-0514,HHS-ONC-2026-0001-0369,real
515,UID-0515,HHS-ONC-2026-0001-0131,real
516,UID-0516,SYNTH-0017,synthetic
517,UID-0517,HHS-ONC-2026-0001-0137,real
518,UID-0518,HHS-ONC-2026-0001-0440,real
519,UID-0519,HHS-ONC-2026-0001-0377,real
520,UID-0520,HHS-ONC-2026-0001-0376,real
521,UID-0521,HHS-ONC-2026-0001-0277,real
522,UID-0522,SYNTH-0095,synthetic
523,UID-0523,SYNTH-0088,synthetic
524,UID-0524,SYNTH-0062,synthetic
525,UID-0525,HHS-ONC-2026-0001-0336,real
526,UID-0526,HHS-ONC-2026-0001-0201,real
527,UID-0527,HHS-ONC-2026-0001-0323,real
528,UID-0528,HHS-ONC-2026-0001-0203,real
529,UID-0529,HHS-ONC-2026-0001-0362,real
530,UID-0530,HHS-ONC-2026-0001-0032,real
531,UID-0531,SYNTH-0018,synthetic
532,UID-0532,HHS-ONC-2026-0001-0018,real
533,UID-0533,HHS-ONC-2026-0001-0247,real
534,UID-0534,HHS-ONC-2026-0001-0005,real
535,UID-0535,SYNTH-0029,synthetic
536,UID-0536,SYNTH-0042,synthetic
537,UID-0537,HHS-ONC-2026-0001-0421,real
538,UID-0538,HHS-ONC-2026-0001-0387,real
539,UID-0539,HHS-ONC-2026-0001-0332,real
540,UID-0540,HHS-ONC-2026-0001-0329,real
541,UID-0541,SYNTH-0086,synthetic
542,UID-0542,HHS-ONC-2026-0001-0085,real
543,UID-0543,HHS-ONC-2026-0001-0109,real
544,UID-0544,HHS-ONC-2026-0001-0297,real
