row_number,uid,original_document_id,type
1,UID-0001,CMS-2025-0050-0943,real
2,UID-0002,CMS-2025-0050-0913,real
3,UID-0003,CMS-2025-0050-0371,real
4,UID-0004,CMS-2025-0050-0711,real
5,UID-0005,CMS-2025-0050-0733,real
6,UID-0006,CMS-2025-0050-SYNTH-0010,synthetic
7,UID-0007,CMS-2025-0050-0664,real
8,UID-0008,CMS-2025-0050-0399,real
9,UID-0009,CMS-2025-0050-0324,real
10,UID-0010,CMS-2025-0050-0615,real
11,UID-0011,CMS-2025-0050-0306,real
12,UID-0012,CMS-2025-0050-0159,real
13,UID-0013,CMS-2025-0050-0241,real
14,UID-0014,CMS-2025-0050-0668,real
15,UID-0015,CMS-2025-0050-0530,real
16,UID-0016,CMS-2025-0050-SYNTH-0024,synthetic
17,UID-0017,CMS-2025-0050-0012,real
18,UID-0018,CMS-2025-0050-0141,real
19,UID-0019,CMS-2025-0050-0809,real
20,UID-0020,CMS-2025-0050-SYNTH-0154,synthetic
21,UID-0021,CMS-2025-0050-SYNTH-0031,synthetic
22,UID-0022,CMS-2025-0050-0934,real
23,UID-0023,CMS-2025-0050-SYNTH-0068,synthetic
24,UID-0024,CMS-2025-0050-0719,real
25,UID-0025,CMS-2025-0050-SYNTH-0138,synthetic
26,UID-0026,CMS-2025-0050-0533,real
27,UID-0027,CMS-2025-0050-0472,real
28,UID-0028,CMS-2025-0050-SYNTH-0034,synthetic
29,UID-0029,CMS-2025-0050-0803,real
30,UID-0030,CMS-2025-0050-SYNTH-0093,synthetic
31,UID-0031,CMS-2025-0050-0699,real
32,UID-0032,CMS-2025-0050-0806,real
33,UID-0033,CMS-2025-0050-0302,real
34,UID-0034,CMS-2025-0050-0692,real
35,UID-0035,CMS-2025-0050-0832,real
36,UID-0036,CMS-2025-0050-0564,real
37,UID-0037,CMS-2025-0050-0798,real
38,UID-0038,CMS-2025-0050-0068,real
39,UID-0039,CMS-2025-0050-0932,real
40,UID-0040,CMS-2025-0050-0661,real
41,UID-0041,CMS-2025-0050-0357,real
42,UID-0042,CMS-2025-0050-0814,real
43,UID-0043,CMS-2025-0050-0460,real
44,UID-0044,CMS-2025-0050-0389,real
45,UID-0045,CMS-2025-0050-0885,real
46,UID-0046,CMS-2025-0050-0109,real
47,UID-0047,CMS-2025-0050-0265,real
48,UID-0048,CMS-2025-0050-0463,real
49,UID-0049,CMS-2025-0050-SYNTH-0039,synthetic
50,UID-0050,CMS-2025-0050-0639,real
51,UID-0051,CMS-2025-0050-0379,real
52,UID-0052,CMS-2025-0050-0864,real
53,UID-0053,CMS-2025-0050-0457,real
54,UID-0054,CMS-2025-0050-0894,real
55,UID-0055,CMS-2025-0050-0845,real
56,UID-0056,CMS-2025-0050-0489,real
57,UID-0057,CMS-2025-0050-SYNTH-0174,synthetic
58,UID-0058,CMS-2025-0050-0785,real
59,UID-0059,CMS-2025-0050-0441,real
60,UID-0060,CMS-2025-0050-0504,real
61,UID-0061,CMS-2025-0050-SYNTH-0117,synthetic
62,UID-0062,CMS-2025-0050-SYNTH-0066,synthetic
63,UID-0063,CMS-2025-0050-0732,real
64,UID-0064,CMS-2025-0050-0562,real
65,UID-0065,CMS-2025-0050-0650,real
66,UID-0066,CMS-2025-0050-0069,real
67,UID-0067,CMS-2025-0050-0058,real
68,UID-0068,CMS-2025-0050-0013,real
69,UID-0069,CMS-2025-0050-0526,real
70,UID-0070,CMS-2025-0050-0977,real
71,UID-0071,CMS-2025-0050-0924,real
72,UID-0072,CMS-2025-0050-0005,real
73,UID-0073,CMS-2025-0050-0570,real
74,UID-0074,CMS-2025-0050-0796,real
75,UID-0075,CMS-2025-0050-0083,real
76,UID-0076,CMS-2025-0050-0089,real
77,UID-0077,CMS-2025-0050-0830,real
78,UID-0078,CMS-2025-0050-SYNTH-0087,synthetic
79,UID-0079,CMS-2025-0050-0243,real
80,UID-0080,CMS-2025-0050-0652,real
81,UID-0081,CMS-2025-0050-SYNTH-0142,synthetic
82,UID-0082,CMS-2025-0050-0605,real
83,UID-0083,CMS-2025-0050-0430,real
84,UID-0084,CMS-2025-0050-0839,real
85,UID-0085,CMS-2025-0050-0123,real
86,UID-0086,CMS-2025-0050-SYNTH-0196,synthetic
87,UID-0087,CMS-2025-0050-0514,real
88,UID-0088,CMS-2025-0050-0976,real
89,UID-0089,CMS-2025-0050-0169,real
90,UID-0090,CMS-2025-0050-0674,real
91,UID-0091,CMS-2025-0050-0248,real
92,UID-0092,CMS-2025-0050-0657,real
93,UID-0093,CMS-2025-0050-SYNTH-0144,synthetic
94,UID-0094,CMS-2025-0050-0383,real
95,UID-0095,CMS-2025-0050-SYNTH-0150,synthetic
96,UID-0096,CMS-2025-0050-0961,real
97,UID-0097,CMS-2025-0050-0909,real
98,UID-0098,CMS-2025-0050-0753,real
99,UID-0099,CMS-2025-0050-0162,real
100,UID-0100,CMS-2025-0050-0851,real
101,UID-0101,CMS-2025-0050-0404,real
102,UID-0102,CMS-2025-0050-0789,real
103,UID-0103,CMS-2025-0050-0781,real
104,UID-0104,CMS-2025-0050-0202,real
105,UID-0105,CMS-2025-0050-0036,real
106,UID-0106,CMS-2025-0050-0874,real
107,UID-0107,CMS-2025-0050-0953,real
108,UID-0108,CMS-2025-0050-SYNTH-0086,synthetic
109,UID-0109,CMS-2025-0050-0863,real
110,UID-0110,CMS-2025-0050-0659,real
111,UID-0111,CMS-2025-0050-0653,real
112,UID-0112,CMS-2025-0050-0587,real
113,UID-0113,CMS-2025-0050-SYNTH-0113,synthetic
114,UID-0114,CMS-2025-0050-0949,real
115,UID-0115,CMS-2025-0050-0966,real
116,UID-0116,CMS-2025-0050-0018,real
117,UID-0117,CMS-2025-0050-0214,real
118,UID-0118,CMS-2025-0050-0645,real
119,UID-0119,CMS-2025-0050-0577,real
120,UID-0120,CMS-2025-0050-0300,real
121,UID-0121,CMS-2025-0050-0119,real
122,UID-0122,CMS-2025-0050-0734,real
123,UID-0123,CMS-2025-0050-0051,real
124,UID-0124,CMS-2025-0050-SYNTH-0016,synthetic
125,UID-0125,CMS-2025-0050-0606,real
126,UID-0126,CMS-2025-0050-0445,real
127,UID-0127,CMS-2025-0050-0150,real
128,UID-0128,CMS-2025-0050-0710,real
129,UID-0129,CMS-2025-0050-0382,real
130,UID-0130,CMS-2025-0050-0282,real
131,UID-0131,CMS-2025-0050-0271,real
132,UID-0132,CMS-2025-0050-SYNTH-0033,synthetic
133,UID-0133,CMS-2025-0050-0634,real
134,UID-0134,CMS-2025-0050-0759,real
135,UID-0135,CMS-2025-0050-0713,real
136,UID-0136,CMS-2025-0050-0284,real
137,UID-0137,CMS-2025-0050-0166,real
138,UID-0138,CMS-2025-0050-0833,real
139,UID-0139,CMS-2025-0050-0059,real
140,UID-0140,CMS-2025-0050-0616,real
141,UID-0141,CMS-2025-0050-0702,real
142,UID-0142,CMS-2025-0050-0703,real
143,UID-0143,CMS-2025-0050-0799,real
144,UID-0144,CMS-2025-0050-0752,real
145,UID-0145,CMS-2025-0050-SYNTH-0071,synthetic
146,UID-0146,CMS-2025-0050-0770,real
147,UID-0147,CMS-2025-0050-0481,real
148,UID-0148,CMS-2025-0050-0330,real
149,UID-0149,CMS-2025-0050-0581,real
150,UID-0150,CMS-2025-0050-0493,real
151,UID-0151,CMS-2025-0050-0288,real
152,UID-0152,CMS-2025-0050-0889,real
153,UID-0153,CMS-2025-0050-0339,real
154,UID-0154,CMS-2025-0050-SYNTH-0037,synthetic
155,UID-0155,CMS-2025-0050-0385,real
156,UID-0156,CMS-2025-0050-0512,real
157,UID-0157,CMS-2025-0050-0378,real
158,UID-0158,CMS-2025-0050-0630,real
159,UID-0159,CMS-2025-0050-0482,real
160,UID-0160,CMS-2025-0050-0094,real
161,UID-0161,CMS-2025-0050-0890,real
162,UID-0162,CMS-2025-0050-0050,real
163,UID-0163,CMS-2025-0050-0485,real
164,UID-0164,CMS-2025-0050-0716,real
165,UID-0165,CMS-2025-0050-0876,real
166,UID-0166,CMS-2025-0050-0869,real
167,UID-0167,CMS-2025-0050-SYNTH-0076,synthetic
168,UID-0168,CMS-2025-0050-0918,real
169,UID-0169,CMS-2025-0050-0233,real
170,UID-0170,CMS-2025-0050-0721,real
171,UID-0171,CMS-2025-0050-0965,real
172,UID-0172,CMS-2025-0050-0795,real
173,UID-0173,CMS-2025-0050-0607,real
174,UID-0174,CMS-2025-0050-0023,real
175,UID-0175,CMS-2025-0050-0334,real
176,UID-0176,CMS-2025-0050-0786,real
177,UID-0177,CMS-2025-0050-0788,real
178,UID-0178,CMS-2025-0050-0852,real
179,UID-0179,CMS-2025-0050-0633,real
180,UID-0180,CMS-2025-0050-0444,real
181,UID-0181,CMS-2025-0050-0741,real
182,UID-0182,CMS-2025-0050-0456,real
183,UID-0183,CMS-2025-0050-0764,real
184,UID-0184,CMS-2025-0050-0086,real
185,UID-0185,CMS-2025-0050-0279,real
186,UID-0186,CMS-2025-0050-0836,real
187,UID-0187,CMS-2025-0050-0173,real
188,UID-0188,CMS-2025-0050-0222,real
189,UID-0189,CMS-2025-0050-0497,real
190,UID-0190,CMS-2025-0050-0106,real
191,UID-0191,CMS-2025-0050-0091,real
192,UID-0192,CMS-2025-0050-SYNTH-0080,synthetic
193,UID-0193,CMS-2025-0050-0619,real
194,UID-0194,CMS-2025-0050-0667,real
195,UID-0195,CMS-2025-0050-SYNTH-0163,synthetic
196,UID-0196,CMS-2025-0050-SYNTH-0141,synthetic
197,UID-0197,CMS-2025-0050-SYNTH-0205,synthetic
198,UID-0198,CMS-2025-0050-0048,real
199,UID-0199,CMS-2025-0050-0690,real
200,UID-0200,CMS-2025-0050-0372,real
201,UID-0201,CMS-2025-0050-0403,real
202,UID-0202,CMS-2025-0050-0425,real
203,UID-0203,CMS-2025-0050-0122,real
204,UID-0204,CMS-2025-0050-SYNTH-0096,synthetic
205,UID-0205,CMS-2025-0050-0195,real
206,UID-0206,CMS-2025-0050-0212,real
207,UID-0207,CMS-2025-0050-SYNTH-0004,synthetic
208,UID-0208,CMS-2025-0050-0731,real
209,UID-0209,CMS-2025-0050-0680,real
210,UID-0210,CMS-2025-0050-0216,real
211,UID-0211,CMS-2025-0050-0197,real
212,UID-0212,CMS-2025-0050-0954,real
213,UID-0213,CMS-2025-0050-0373,real
214,UID-0214,CMS-2025-0050-SYNTH-0030,synthetic
215,UID-0215,CMS-2025-0050-0406,real
216,UID-0216,CMS-2025-0050-0258,real
217,UID-0217,CMS-2025-0050-0608,real
218,UID-0218,CMS-2025-0050-0643,real
219,UID-0219,CMS-2025-0050-0322,real
220,UID-0220,CMS-2025-0050-0725,real
221,UID-0221,CMS-2025-0050-0951,real
222,UID-0222,CMS-2025-0050-0365,real
223,UID-0223,CMS-2025-0050-0408,real
224,UID-0224,CMS-2025-0050-0011,real
225,UID-0225,CMS-2025-0050-0155,real
226,UID-0226,CMS-2025-0050-0513,real
227,UID-0227,CMS-2025-0050-0635,real
228,UID-0228,CMS-2025-0050-0128,real
229,UID-0229,CMS-2025-0050-0381,real
230,UID-0230,CMS-2025-0050-0813,real
231,UID-0231,CMS-2025-0050-0891,real
232,UID-0232,CMS-2025-0050-0105,real
233,UID-0233,CMS-2025-0050-0181,real
234,UID-0234,CMS-2025-0050-0301,real
235,UID-0235,CMS-2025-0050-0850,real
236,UID-0236,CMS-2025-0050-0908,real
237,UID-0237,CMS-2025-0050-0902,real
238,UID-0238,CMS-2025-0050-0114,real
239,UID-0239,CMS-2025-0050-0075,real
240,UID-0240,CMS-2025-0050-0465,real
241,UID-0241,CMS-2025-0050-0428,real
242,UID-0242,CMS-2025-0050-0940,real
243,UID-0243,CMS-2025-0050-SYNTH-0197,synthetic
244,UID-0244,CMS-2025-0050-0590,real
245,UID-0245,CMS-2025-0050-0802,real
246,UID-0246,CMS-2025-0050-0204,real
247,UID-0247,CMS-2025-0050-0946,real
248,UID-0248,CMS-2025-0050-SYNTH-0139,synthetic
249,UID-0249,CMS-2025-0050-0019,real
250,UID-0250,CMS-2025-0050-0263,real
251,UID-0251,CMS-2025-0050-SYNTH-0008,synthetic
252,UID-0252,CMS-2025-0050-0070,real
253,UID-0253,CMS-2025-0050-SYNTH-0062,synthetic
254,UID-0254,CMS-2025-0050-SYNTH-0019,synthetic
255,UID-0255,CMS-2025-0050-0792,real
256,UID-0256,CMS-2025-0050-0649,real
257,UID-0257,CMS-2025-0050-0834,real
258,UID-0258,CMS-2025-0050-0556,real
259,UID-0259,CMS-2025-0050-0476,real
260,UID-0260,CMS-2025-0050-0588,real
261,UID-0261,CMS-2025-0050-0121,real
262,UID-0262,CMS-2025-0050-SYNTH-0153,synthetic
263,UID-0263,CMS-2025-0050-0937,real
264,UID-0264,CMS-2025-0050-0730,real
265,UID-0265,CMS-2025-0050-0149,real
266,UID-0266,CMS-2025-0050-0464,real
267,UID-0267,CMS-2025-0050-0017,real
268,UID-0268,CMS-2025-0050-0855,real
269,UID-0269,CMS-2025-0050-0316,real
270,UID-0270,CMS-2025-0050-0289,real
271,UID-0271,CMS-2025-0050-0945,real
272,UID-0272,CMS-2025-0050-0837,real
273,UID-0273,CMS-2025-0050-0278,real
274,UID-0274,CMS-2025-0050-0963,real
275,UID-0275,CMS-2025-0050-SYNTH-0170,synthetic
276,UID-0276,CMS-2025-0050-0510,real
277,UID-0277,CMS-2025-0050-0082,real
278,UID-0278,CMS-2025-0050-0517,real
279,UID-0279,CMS-2025-0050-0846,real
280,UID-0280,CMS-2025-0050-0491,real
281,UID-0281,CMS-2025-0050-0826,real
282,UID-0282,CMS-2025-0050-0052,real
283,UID-0283,CMS-2025-0050-0032,real
284,UID-0284,CMS-2025-0050-0354,real
285,UID-0285,CMS-2025-0050-0655,real
286,UID-0286,CMS-2025-0050-0782,real
287,UID-0287,CMS-2025-0050-0228,real
288,UID-0288,CMS-2025-0050-0904,real
289,UID-0289,CMS-2025-0050-0865,real
290,UID-0290,CMS-2025-0050-0559,real
291,UID-0291,CMS-2025-0050-0117,real
292,UID-0292,CMS-2025-0050-0215,real
293,UID-0293,CMS-2025-0050-0727,real
294,UID-0294,CMS-2025-0050-0935,real
295,UID-0295,CMS-2025-0050-0765,real
296,UID-0296,CMS-2025-0050-0388,real
297,UID-0297,CMS-2025-0050-0157,real
298,UID-0298,CMS-2025-0050-0505,real
299,UID-0299,CMS-2025-0050-0078,real
300,UID-0300,CMS-2025-0050-0784,real
301,UID-0301,CMS-2025-0050-0859,real
302,UID-0302,CMS-2025-0050-0297,real
303,UID-0303,CMS-2025-0050-0039,real
304,UID-0304,CMS-2025-0050-0321,real
305,UID-0305,CMS-2025-0050-0207,real
306,UID-0306,CMS-2025-0050-0035,real
307,UID-0307,CMS-2025-0050-SYNTH-0070,synthetic
308,UID-0308,CMS-2025-0050-0883,real
309,UID-0309,CMS-2025-0050-0131,real
310,UID-0310,CMS-2025-0050-0027,real
311,UID-0311,CMS-2025-0050-0549,real
312,UID-0312,CMS-2025-0050-0531,real
313,UID-0313,CMS-2025-0050-0573,real
314,UID-0314,CMS-2025-0050-0247,real
315,UID-0315,CMS-2025-0050-0589,real
316,UID-0316,CMS-2025-0050-SYNTH-0041,synthetic
317,UID-0317,CMS-2025-0050-0981,real
318,UID-0318,CMS-2025-0050-0447,real
319,UID-0319,CMS-2025-0050-SYNTH-0083,synthetic
320,UID-0320,CMS-2025-0050-0820,real
321,UID-0321,CMS-2025-0050-SYNTH-0184,synthetic
322,UID-0322,CMS-2025-0050-0151,real
323,UID-0323,CMS-2025-0050-0363,real
324,UID-0324,CMS-2025-0050-0542,real
325,UID-0325,CMS-2025-0050-SYNTH-0098,synthetic
326,UID-0326,CMS-2025-0050-0142,real
327,UID-0327,CMS-2025-0050-SYNTH-0049,synthetic
328,UID-0328,CMS-2025-0050-SYNTH-0001,synthetic
329,UID-0329,CMS-2025-0050-0008,real
330,UID-0330,CMS-2025-0050-0546,real
331,UID-0331,CMS-2025-0050-0093,real
332,UID-0332,CMS-2025-0050-0186,real
333,UID-0333,CMS-2025-0050-0118,real
334,UID-0334,CMS-2025-0050-0625,real
335,UID-0335,CMS-2025-0050-SYNTH-0009,synthetic
336,UID-0336,CMS-2025-0050-0536,real
337,UID-0337,CMS-2025-0050-0146,real
338,UID-0338,CMS-2025-0050-0629,real
339,UID-0339,CMS-2025-0050-0794,real
340,UID-0340,CMS-2025-0050-0303,real
341,UID-0341,CMS-2025-0050-0744,real
342,UID-0342,CMS-2025-0050-0911,real
343,UID-0343,CMS-2025-0050-SYNTH-0072,synthetic
344,UID-0344,CMS-2025-0050-0350,real
345,UID-0345,CMS-2025-0050-0922,real
346,UID-0346,CMS-2025-0050-0276,real
347,UID-0347,CMS-2025-0050-0351,real
348,UID-0348,CMS-2025-0050-0840,real
349,UID-0349,CMS-2025-0050-0100,real
350,UID-0350,CMS-2025-0050-0968,real
351,UID-0351,CMS-2025-0050-0704,real
352,UID-0352,CMS-2025-0050-0130,real
353,UID-0353,CMS-2025-0050-0484,real
354,UID-0354,CMS-2025-0050-0429,real
355,UID-0355,CMS-2025-0050-0234,real
356,UID-0356,CMS-2025-0050-0620,real
357,UID-0357,CMS-2025-0050-0547,real
358,UID-0358,CMS-2025-0050-0593,real
359,UID-0359,CMS-2025-0050-SYNTH-0084,synthetic
360,UID-0360,CMS-2025-0050-0178,real
361,UID-0361,CMS-2025-0050-0714,real
362,UID-0362,CMS-2025-0050-0597,real
363,UID-0363,CMS-2025-0050-0835,real
364,UID-0364,CMS-2025-0050-0660,real
365,UID-0365,CMS-2025-0050-0299,real
366,UID-0366,CMS-2025-0050-0746,real
367,UID-0367,CMS-2025-0050-0579,real
368,UID-0368,CMS-2025-0050-SYNTH-0056,synthetic
369,UID-0369,CMS-2025-0050-0356,real
370,UID-0370,CMS-2025-0050-0209,real
371,UID-0371,CMS-2025-0050-0115,real
372,UID-0372,CMS-2025-0050-0923,real
373,UID-0373,CMS-2025-0050-0854,real
374,UID-0374,CMS-2025-0050-0831,real
375,UID-0375,CMS-2025-0050-0808,real
376,UID-0376,CMS-2025-0050-0253,real
377,UID-0377,CMS-2025-0050-0366,real
378,UID-0378,CMS-2025-0050-SYNTH-0078,synthetic
379,UID-0379,CMS-2025-0050-SYNTH-0029,synthetic
380,UID-0380,CMS-2025-0050-0739,real
381,UID-0381,CMS-2025-0050-0387,real
382,UID-0382,CMS-2025-0050-0392,real
383,UID-0383,CMS-2025-0050-0983,real
384,UID-0384,CMS-2025-0050-SYNTH-0123,synthetic
385,UID-0385,CMS-2025-0050-0370,real
386,UID-0386,CMS-2025-0050-0125,real
387,UID-0387,CMS-2025-0050-SYNTH-0045,synthetic
388,UID-0388,CMS-2025-0050-0099,real
389,UID-0389,CMS-2025-0050-0266,real
390,UID-0390,CMS-2025-0050-0624,real
391,UID-0391,CMS-2025-0050-0527,real
392,UID-0392,CMS-2025-0050-0583,real
393,UID-0393,CMS-2025-0050-SYNTH-0124,synthetic
394,UID-0394,CMS-2025-0050-0561,real
395,UID-0395,CMS-2025-0050-0967,real
396,UID-0396,CMS-2025-0050-0838,real
397,UID-0397,CMS-2025-0050-0134,real
398,UID-0398,CMS-2025-0050-0756,real
399,UID-0399,CMS-2025-0050-0110,real
400,UID-0400,CMS-2025-0050-0626,real
401,UID-0401,CMS-2025-0050-SYNTH-0159,synthetic
402,UID-0402,CMS-2025-0050-0757,real
403,UID-0403,CMS-2025-0050-0515,real
404,UID-0404,CMS-2025-0050-SYNTH-0042,synthetic
405,UID-0405,CMS-2025-0050-0174,real
406,UID-0406,CMS-2025-0050-0701,real
407,UID-0407,CMS-2025-0050-SYNTH-0118,synthetic
408,UID-0408,CMS-2025-0050-0919,real
409,UID-0409,CMS-2025-0050-0841,real
410,UID-0410,CMS-2025-0050-0239,real
411,UID-0411,CMS-2025-0050-0386,real
412,UID-0412,CMS-2025-0050-0860,real
413,UID-0413,CMS-2025-0050-0642,real
414,UID-0414,CMS-2025-0050-SYNTH-0160,synthetic
415,UID-0415,CMS-2025-0050-0046,real
416,UID-0416,CMS-2025-0050-0127,real
417,UID-0417,CMS-2025-0050-0793,real
418,UID-0418,CMS-2025-0050-0825,real
419,UID-0419,CMS-2025-0050-0538,real
420,UID-0420,CMS-2025-0050-0376,real
421,UID-0421,CMS-2025-0050-0225,real
422,UID-0422,CMS-2025-0050-0807,real
423,UID-0423,CMS-2025-0050-SYNTH-0050,synthetic
424,UID-0424,CMS-2025-0050-0398,real
425,UID-0425,CMS-2025-0050-0277,real
426,UID-0426,CMS-2025-0050-0938,real
427,UID-0427,CMS-2025-0050-0772,real
428,UID-0428,CMS-2025-0050-0539,real
429,UID-0429,CMS-2025-0050-SYNTH-0149,synthetic
430,UID-0430,CMS-2025-0050-0717,real
431,UID-0431,CMS-2025-0050-0377,real
432,UID-0432,CMS-2025-0050-0092,real
433,UID-0433,CMS-2025-0050-0914,real
434,UID-0434,CMS-2025-0050-0511,real
435,UID-0435,CMS-2025-0050-0763,real
436,UID-0436,CMS-2025-0050-0237,real
437,UID-0437,CMS-2025-0050-0787,real
438,UID-0438,CMS-2025-0050-0327,real
439,UID-0439,CMS-2025-0050-0187,real
440,UID-0440,CMS-2025-0050-0223,real
441,UID-0441,CMS-2025-0050-SYNTH-0193,synthetic
442,UID-0442,CMS-2025-0050-SYNTH-0164,synthetic
443,UID-0443,CMS-2025-0050-0751,real
444,UID-0444,CMS-2025-0050-0862,real
445,UID-0445,CMS-2025-0050-0436,real
446,UID-0446,CMS-2025-0050-0604,real
447,UID-0447,CMS-2025-0050-0176,real
448,UID-0448,CMS-2025-0050-0333,real
449,UID-0449,CMS-2025-0050-0261,real
450,UID-0450,CMS-2025-0050-0037,real
451,UID-0451,CMS-2025-0050-SYNTH-0176,synthetic
452,UID-0452,CMS-2025-0050-0609,real
453,UID-0453,CMS-2025-0050-0853,real
454,UID-0454,CMS-2025-0050-0274,real
455,UID-0455,CMS-2025-0050-0179,real
456,UID-0456,CMS-2025-0050-0022,real
457,UID-0457,CMS-2025-0050-0402,real
458,UID-0458,CMS-2025-0050-0291,real
459,UID-0459,CMS-2025-0050-SYNTH-0081,synthetic
460,UID-0460,CMS-2025-0050-SYNTH-0198,synthetic
461,UID-0461,CMS-2025-0050-0678,real
462,UID-0462,CMS-2025-0050-0683,real
463,UID-0463,CMS-2025-0050-SYNTH-0143,synthetic
464,UID-0464,CMS-2025-0050-SYNTH-0172,synthetic
465,UID-0465,CMS-2025-0050-0582,real
466,UID-0466,CMS-2025-0050-0397,real
467,UID-0467,CMS-2025-0050-0358,real
468,UID-0468,CMS-2025-0050-0928,real
469,UID-0469,CMS-2025-0050-0614,real
470,UID-0470,CMS-2025-0050-0686,real
471,UID-0471,CMS-2025-0050-SYNTH-0187,synthetic
472,UID-0472,CMS-2025-0050-SYNTH-0101,synthetic
473,UID-0473,CMS-2025-0050-0915,real
474,UID-0474,CMS-2025-0050-0040,real
475,UID-0475,CMS-2025-0050-0103,real
476,UID-0476,CMS-2025-0050-0769,real
477,UID-0477,CMS-2025-0050-0641,real
478,UID-0478,CMS-2025-0050-0194,real
479,UID-0479,CMS-2025-0050-0466,real
480,UID-0480,CMS-2025-0050-0348,real
481,UID-0481,CMS-2025-0050-0296,real
482,UID-0482,CMS-2025-0050-0601,real
483,UID-0483,CMS-2025-0050-SYNTH-0092,synthetic
484,UID-0484,CMS-2025-0050-SYNTH-0185,synthetic
485,UID-0485,CMS-2025-0050-0298,real
486,UID-0486,CMS-2025-0050-0984,real
487,UID-0487,CMS-2025-0050-SYNTH-0054,synthetic
488,UID-0488,CMS-2025-0050-0524,real
489,UID-0489,CMS-2025-0050-0421,real
490,UID-0490,CMS-2025-0050-SYNTH-0129,synthetic
491,UID-0491,CMS-2025-0050-0506,real
492,UID-0492,CMS-2025-0050-0369,real
493,UID-0493,CMS-2025-0050-0384,real
494,UID-0494,CMS-2025-0050-0496,real
495,UID-0495,CMS-2025-0050-0312,real
496,UID-0496,CMS-2025-0050-SYNTH-0088,synthetic
497,UID-0497,CMS-2025-0050-0190,real
498,UID-0498,CMS-2025-0050-0901,real
499,UID-0499,CMS-2025-0050-SYNTH-0047,synthetic
500,UID-0500,CMS-2025-0050-0848,real
501,UID-0501,CMS-2025-0050-0240,real
502,UID-0502,CMS-2025-0050-0712,real
503,UID-0503,CMS-2025-0050-0487,real
504,UID-0504,CMS-2025-0050-0817,real
505,UID-0505,CMS-2025-0050-0898,real
506,UID-0506,CMS-2025-0050-0344,real
507,UID-0507,CMS-2025-0050-0758,real
508,UID-0508,CMS-2025-0050-0066,real
509,UID-0509,CMS-2025-0050-SYNTH-0002,synthetic
510,UID-0510,CMS-2025-0050-0080,real
511,UID-0511,CMS-2025-0050-SYNTH-0180,synthetic
512,UID-0512,CMS-2025-0050-SYNTH-0102,synthetic
513,UID-0513,CMS-2025-0050-0740,real
514,UID-0514,CMS-2025-0050-0778,real
515,UID-0515,CMS-2025-0050-0033,real
516,UID-0516,CMS-2025-0050-0043,real
517,UID-0517,CMS-2025-0050-0844,real
518,UID-0518,CMS-2025-0050-SYNTH-0073,synthetic
519,UID-0519,CMS-2025-0050-0738,real
520,UID-0520,CMS-2025-0050-0055,real
521,UID-0521,CMS-2025-0050-0020,real
522,UID-0522,CMS-2025-0050-SYNTH-0022,synthetic
523,UID-0523,CMS-2025-0050-SYNTH-0168,synthetic
524,UID-0524,CMS-2025-0050-0260,real
525,UID-0525,CMS-2025-0050-0433,real
526,UID-0526,CMS-2025-0050-0286,real
527,UID-0527,CMS-2025-0050-0696,real
528,UID-0528,CMS-2025-0050-0347,real
529,UID-0529,CMS-2025-0050-0920,real
530,UID-0530,CMS-2025-0050-0927,real
531,UID-0531,CMS-2025-0050-0218,real
532,UID-0532,CMS-2025-0050-0337,real
533,UID-0533,CMS-2025-0050-0672,real
534,UID-0534,CMS-2025-0050-0268,real
535,UID-0535,CMS-2025-0050-0617,real
536,UID-0536,CMS-2025-0050-SYNTH-0109,synthetic
537,UID-0537,CMS-2025-0050-0474,real
538,UID-0538,CMS-2025-0050-0140,real
539,UID-0539,CMS-2025-0050-0440,real
540,UID-0540,CMS-2025-0050-0087,real
541,UID-0541,CMS-2025-0050-SYNTH-0059,synthetic
542,UID-0542,CMS-2025-0050-0405,real
543,UID-0543,CMS-2025-0050-0028,real
544,UID-0544,CMS-2025-0050-0877,real
545,UID-0545,CMS-2025-0050-SYNTH-0003,synthetic
546,UID-0546,CMS-2025-0050-0171,real
547,UID-0547,CMS-2025-0050-0416,real
548,UID-0548,CMS-2025-0050-0346,real
549,UID-0549,CMS-2025-0050-SYNTH-0166,synthetic
550,UID-0550,CMS-2025-0050-0030,real
551,UID-0551,CMS-2025-0050-SYNTH-0122,synthetic
552,UID-0552,CMS-2025-0050-SYNTH-0095,synthetic
553,UID-0553,CMS-2025-0050-0281,real
554,UID-0554,CMS-2025-0050-0816,real
555,UID-0555,CMS-2025-0050-0501,real
556,UID-0556,CMS-2025-0050-0227,real
557,UID-0557,CMS-2025-0050-0695,real
558,UID-0558,CMS-2025-0050-0955,real
559,UID-0559,CMS-2025-0050-SYNTH-0090,synthetic
560,UID-0560,CMS-2025-0050-0307,real
561,UID-0561,CMS-2025-0050-0362,real
562,UID-0562,CMS-2025-0050-SYNTH-0089,synthetic
563,UID-0563,CMS-2025-0050-0903,real
564,UID-0564,CMS-2025-0050-0391,real
565,UID-0565,CMS-2025-0050-0021,real
566,UID-0566,CMS-2025-0050-0400,real
567,UID-0567,CMS-2025-0050-0673,real
568,UID-0568,CMS-2025-0050-0213,real
569,UID-0569,CMS-2025-0050-0065,real
570,UID-0570,CMS-2025-0050-0427,real
571,UID-0571,CMS-2025-0050-0479,real
572,UID-0572,CMS-2025-0050-0910,real
573,UID-0573,CMS-2025-0050-SYNTH-0046,synthetic
574,UID-0574,CMS-2025-0050-0419,real
575,UID-0575,CMS-2025-0050-0670,real
576,UID-0576,CMS-2025-0050-SYNTH-0132,synthetic
577,UID-0577,CMS-2025-0050-SYNTH-0025,synthetic
578,UID-0578,CMS-2025-0050-0158,real
579,UID-0579,CMS-2025-0050-0394,real
580,UID-0580,CMS-2025-0050-0238,real
581,UID-0581,CMS-2025-0050-0156,real
582,UID-0582,CMS-2025-0050-SYNTH-0064,synthetic
583,UID-0583,CMS-2025-0050-0896,real
584,UID-0584,CMS-2025-0050-0950,real
585,UID-0585,CMS-2025-0050-SYNTH-0105,synthetic
586,UID-0586,CMS-2025-0050-SYNTH-0126,synthetic
587,UID-0587,CMS-2025-0050-0818,real
588,UID-0588,CMS-2025-0050-0644,real
589,UID-0589,CMS-2025-0050-0936,real
590,UID-0590,CMS-2025-0050-0081,real
591,UID-0591,CMS-2025-0050-0452,real
592,UID-0592,CMS-2025-0050-0283,real
593,UID-0593,CMS-2025-0050-SYNTH-0183,synthetic
594,UID-0594,CMS-2025-0050-0498,real
595,UID-0595,CMS-2025-0050-0535,real
596,UID-0596,CMS-2025-0050-0801,real
597,UID-0597,CMS-2025-0050-0255,real
598,UID-0598,CMS-2025-0050-0267,real
599,UID-0599,CMS-2025-0050-SYNTH-0048,synthetic
600,UID-0600,CMS-2025-0050-0647,real
601,UID-0601,CMS-2025-0050-0164,real
602,UID-0602,CMS-2025-0050-0458,real
603,UID-0603,CMS-2025-0050-SYNTH-0135,synthetic
604,UID-0604,CMS-2025-0050-0438,real
605,UID-0605,CMS-2025-0050-0518,real
606,UID-0606,CMS-2025-0050-0958,real
607,UID-0607,CMS-2025-0050-0326,real
608,UID-0608,CMS-2025-0050-0574,real
609,UID-0609,CMS-2025-0050-0900,real
610,UID-0610,CMS-2025-0050-0618,real
611,UID-0611,CMS-2025-0050-0138,real
612,UID-0612,CMS-2025-0050-0469,real
613,UID-0613,CMS-2025-0050-0126,real
614,UID-0614,CMS-2025-0050-SYNTH-0053,synthetic
615,UID-0615,CMS-2025-0050-0572,real
616,UID-0616,CMS-2025-0050-SYNTH-0020,synthetic
617,UID-0617,CMS-2025-0050-0477,real
618,UID-0618,CMS-2025-0050-0532,real
619,UID-0619,CMS-2025-0050-0182,real
620,UID-0620,CMS-2025-0050-SYNTH-0107,synthetic
621,UID-0621,CMS-2025-0050-SYNTH-0125,synthetic
622,UID-0622,CMS-2025-0050-0822,real
623,UID-0623,CMS-2025-0050-0006,real
624,UID-0624,CMS-2025-0050-0776,real
625,UID-0625,CMS-2025-0050-0251,real
626,UID-0626,CMS-2025-0050-0723,real
627,UID-0627,CMS-2025-0050-0508,real
628,UID-0628,CMS-2025-0050-SYNTH-0161,synthetic
629,UID-0629,CMS-2025-0050-0201,real
630,UID-0630,CMS-2025-0050-0591,real
631,UID-0631,CMS-2025-0050-0426,real
632,UID-0632,CMS-2025-0050-SYNTH-0158,synthetic
633,UID-0633,CMS-2025-0050-0857,real
634,UID-0634,CMS-2025-0050-0627,real
635,UID-0635,CMS-2025-0050-0488,real
636,UID-0636,CMS-2025-0050-0843,real
637,UID-0637,CMS-2025-0050-0049,real
638,UID-0638,CMS-2025-0050-0754,real
639,UID-0639,CMS-2025-0050-0152,real
640,UID-0640,CMS-2025-0050-0205,real
641,UID-0641,CMS-2025-0050-0232,real
642,UID-0642,CMS-2025-0050-0319,real
643,UID-0643,CMS-2025-0050-0888,real
644,UID-0644,CMS-2025-0050-SYNTH-0100,synthetic
645,UID-0645,CMS-2025-0050-0345,real
646,UID-0646,CMS-2025-0050-0880,real
647,UID-0647,CMS-2025-0050-0529,real
648,UID-0648,CMS-2025-0050-0292,real
649,UID-0649,CMS-2025-0050-0088,real
650,UID-0650,CMS-2025-0050-0175,real
651,UID-0651,CMS-2025-0050-SYNTH-0014,synthetic
652,UID-0652,CMS-2025-0050-0811,real
653,UID-0653,CMS-2025-0050-0849,real
654,UID-0654,CMS-2025-0050-0656,real
655,UID-0655,CMS-2025-0050-0797,real
656,UID-0656,CMS-2025-0050-SYNTH-0155,synthetic
657,UID-0657,CMS-2025-0050-0331,real
658,UID-0658,CMS-2025-0050-0623,real
659,UID-0659,CMS-2025-0050-0912,real
660,UID-0660,CMS-2025-0050-0775,real
661,UID-0661,CMS-2025-0050-0768,real
662,UID-0662,CMS-2025-0050-0295,real
663,UID-0663,CMS-2025-0050-0313,real
664,UID-0664,CMS-2025-0050-0031,real
665,UID-0665,CMS-2025-0050-0563,real
666,UID-0666,CMS-2025-0050-0417,real
667,UID-0667,CMS-2025-0050-0310,real
668,UID-0668,CMS-2025-0050-0584,real
669,UID-0669,CMS-2025-0050-0632,real
670,UID-0670,CMS-2025-0050-SYNTH-0201,synthetic
671,UID-0671,CMS-2025-0050-0933,real
672,UID-0672,CMS-2025-0050-0432,real
673,UID-0673,CMS-2025-0050-0971,real
674,UID-0674,CMS-2025-0050-0774,real
675,UID-0675,CMS-2025-0050-0957,real
676,UID-0676,CMS-2025-0050-0304,real
677,UID-0677,CMS-2025-0050-0978,real
678,UID-0678,CMS-2025-0050-SYNTH-0140,synthetic
679,UID-0679,CMS-2025-0050-0420,real
680,UID-0680,CMS-2025-0050-0318,real
681,UID-0681,CMS-2025-0050-0521,real
682,UID-0682,CMS-2025-0050-SYNTH-0189,synthetic
683,UID-0683,CMS-2025-0050-0129,real
684,UID-0684,CMS-2025-0050-0827,real
685,UID-0685,CMS-2025-0050-0708,real
686,UID-0686,CMS-2025-0050-SYNTH-0055,synthetic
687,UID-0687,CMS-2025-0050-SYNTH-0032,synthetic
688,UID-0688,CMS-2025-0050-0682,real
689,UID-0689,CMS-2025-0050-0728,real
690,UID-0690,CMS-2025-0050-SYNTH-0007,synthetic
691,UID-0691,CMS-2025-0050-0374,real
692,UID-0692,CMS-2025-0050-0203,real
693,UID-0693,CMS-2025-0050-0688,real
694,UID-0694,CMS-2025-0050-0553,real
695,UID-0695,CMS-2025-0050-0534,real
696,UID-0696,CMS-2025-0050-SYNTH-0077,synthetic
697,UID-0697,CMS-2025-0050-0707,real
698,UID-0698,CMS-2025-0050-0800,real
699,UID-0699,CMS-2025-0050-0262,real
700,UID-0700,CMS-2025-0050-0916,real
701,UID-0701,CMS-2025-0050-SYNTH-0075,synthetic
702,UID-0702,CMS-2025-0050-0396,real
703,UID-0703,CMS-2025-0050-0718,real
704,UID-0704,CMS-2025-0050-0525,real
705,UID-0705,CMS-2025-0050-0622,real
706,UID-0706,CMS-2025-0050-0448,real
707,UID-0707,CMS-2025-0050-SYNTH-0058,synthetic
708,UID-0708,CMS-2025-0050-0355,real
709,UID-0709,CMS-2025-0050-0446,real
710,UID-0710,CMS-2025-0050-0612,real
711,UID-0711,CMS-2025-0050-0973,real
712,UID-0712,CMS-2025-0050-SYNTH-0114,synthetic
713,UID-0713,CMS-2025-0050-0847,real
714,UID-0714,CMS-2025-0050-0596,real
715,UID-0715,CMS-2025-0050-0184,real
716,UID-0716,CMS-2025-0050-0872,real
717,UID-0717,CMS-2025-0050-SYNTH-0130,synthetic
718,UID-0718,CMS-2025-0050-0029,real
719,UID-0719,CMS-2025-0050-0341,real
720,UID-0720,CMS-2025-0050-0969,real
721,UID-0721,CMS-2025-0050-0697,real
722,UID-0722,CMS-2025-0050-0411,real
723,UID-0723,CMS-2025-0050-0523,real
724,UID-0724,CMS-2025-0050-0658,real
725,UID-0725,CMS-2025-0050-0361,real
726,UID-0726,CMS-2025-0050-SYNTH-0147,synthetic
727,UID-0727,CMS-2025-0050-0073,real
728,UID-0728,CMS-2025-0050-0964,real
729,UID-0729,CMS-2025-0050-0338,real
730,UID-0730,CMS-2025-0050-0410,real
731,UID-0731,CMS-2025-0050-0199,real
732,UID-0732,CMS-2025-0050-0677,real
733,UID-0733,CMS-2025-0050-0025,real
734,UID-0734,CMS-2025-0050-SYNTH-0094,synthetic
735,UID-0735,CMS-2025-0050-0235,real
736,UID-0736,CMS-2025-0050-0314,real
737,UID-0737,CMS-2025-0050-0360,real
738,UID-0738,CMS-2025-0050-SYNTH-0044,synthetic
739,UID-0739,CMS-2025-0050-0206,real
740,UID-0740,CMS-2025-0050-0229,real
741,UID-0741,CMS-2025-0050-0483,real
742,UID-0742,CMS-2025-0050-SYNTH-0074,synthetic
743,UID-0743,CMS-2025-0050-0393,real
744,UID-0744,CMS-2025-0050-0112,real
745,UID-0745,CMS-2025-0050-0720,real
746,UID-0746,CMS-2025-0050-SYNTH-0156,synthetic
747,UID-0747,CMS-2025-0050-0275,real
748,UID-0748,CMS-2025-0050-0972,real
749,UID-0749,CMS-2025-0050-0870,real
750,UID-0750,CMS-2025-0050-0423,real
751,UID-0751,CMS-2025-0050-0342,real
752,UID-0752,CMS-2025-0050-0185,real
753,UID-0753,CMS-2025-0050-0026,real
754,UID-0754,CMS-2025-0050-0424,real
755,UID-0755,CMS-2025-0050-0183,real
756,UID-0756,CMS-2025-0050-0168,real
757,UID-0757,CMS-2025-0050-0944,real
758,UID-0758,CMS-2025-0050-0917,real
759,UID-0759,CMS-2025-0050-0637,real
760,UID-0760,CMS-2025-0050-SYNTH-0169,synthetic
761,UID-0761,CMS-2025-0050-0575,real
762,UID-0762,CMS-2025-0050-SYNTH-0006,synthetic
763,UID-0763,CMS-2025-0050-0107,real
764,UID-0764,CMS-2025-0050-0684,real
765,UID-0765,CMS-2025-0050-0962,real
766,UID-0766,CMS-2025-0050-0700,real
767,UID-0767,CMS-2025-0050-0815,real
768,UID-0768,CMS-2025-0050-0368,real
769,UID-0769,CMS-2025-0050-0881,real
770,UID-0770,CMS-2025-0050-0375,real
771,UID-0771,CMS-2025-0050-0317,real
772,UID-0772,CMS-2025-0050-0044,real
773,UID-0773,CMS-2025-0050-SYNTH-0103,synthetic
774,UID-0774,CMS-2025-0050-SYNTH-0179,synthetic
775,UID-0775,CMS-2025-0050-0153,real
776,UID-0776,CMS-2025-0050-0567,real
777,UID-0777,CMS-2025-0050-0598,real
778,UID-0778,CMS-2025-0050-0842,real
779,UID-0779,CMS-2025-0050-0038,real
780,UID-0780,CMS-2025-0050-0560,real
781,UID-0781,CMS-2025-0050-0154,real
782,UID-0782,CMS-2025-0050-0709,real
783,UID-0783,CMS-2025-0050-SYNTH-0021,synthetic
784,UID-0784,CMS-2025-0050-SYNTH-0190,synthetic
785,UID-0785,CMS-2025-0050-0856,real
786,UID-0786,CMS-2025-0050-0576,real
787,UID-0787,CMS-2025-0050-0439,real
788,UID-0788,CMS-2025-0050-0724,real
789,UID-0789,CMS-2025-0050-0566,real
790,UID-0790,CMS-2025-0050-0454,real
791,UID-0791,CMS-2025-0050-0761,real
792,UID-0792,CMS-2025-0050-0167,real
793,UID-0793,CMS-2025-0050-0270,real
794,UID-0794,CMS-2025-0050-0654,real
795,UID-0795,CMS-2025-0050-0135,real
796,UID-0796,CMS-2025-0050-0791,real
797,UID-0797,CMS-2025-0050-0343,real
798,UID-0798,CMS-2025-0050-0004,real
799,UID-0799,CMS-2025-0050-0047,real
800,UID-0800,CMS-2025-0050-SYNTH-0112,synthetic
801,UID-0801,CMS-2025-0050-0925,real
802,UID-0802,CMS-2025-0050-0810,real
803,UID-0803,CMS-2025-0050-0096,real
804,UID-0804,CMS-2025-0050-0054,real
805,UID-0805,CMS-2025-0050-SYNTH-0063,synthetic
806,UID-0806,CMS-2025-0050-0502,real
807,UID-0807,CMS-2025-0050-0519,real
808,UID-0808,CMS-2025-0050-0824,real
809,UID-0809,CMS-2025-0050-0651,real
810,UID-0810,CMS-2025-0050-0705,real
811,UID-0811,CMS-2025-0050-0210,real
812,UID-0812,CMS-2025-0050-0353,real
813,UID-0813,CMS-2025-0050-0736,real
814,UID-0814,CMS-2025-0050-0217,real
815,UID-0815,CMS-2025-0050-0621,real
816,UID-0816,CMS-2025-0050-0290,real
817,UID-0817,CMS-2025-0050-0280,real
818,UID-0818,CMS-2025-0050-0161,real
819,UID-0819,CMS-2025-0050-0568,real
820,UID-0820,CMS-2025-0050-0762,real
821,UID-0821,CMS-2025-0050-0111,real
822,UID-0822,CMS-2025-0050-SYNTH-0069,synthetic
823,UID-0823,CMS-2025-0050-0272,real
824,UID-0824,CMS-2025-0050-0139,real
825,UID-0825,CMS-2025-0050-0108,real
826,UID-0826,CMS-2025-0050-0681,real
827,UID-0827,CMS-2025-0050-0308,real
828,UID-0828,CMS-2025-0050-0569,real
829,UID-0829,CMS-2025-0050-0685,real
830,UID-0830,CMS-2025-0050-0009,real
831,UID-0831,CMS-2025-0050-SYNTH-0171,synthetic
832,UID-0832,CMS-2025-0050-0982,real
833,UID-0833,CMS-2025-0050-SYNTH-0065,synthetic
834,UID-0834,CMS-2025-0050-0628,real
835,UID-0835,CMS-2025-0050-0311,real
836,UID-0836,CMS-2025-0050-0722,real
837,UID-0837,CMS-2025-0050-0558,real
838,UID-0838,CMS-2025-0050-0450,real
839,UID-0839,CMS-2025-0050-SYNTH-0194,synthetic
840,UID-0840,CMS-2025-0050-0293,real
841,UID-0841,CMS-2025-0050-0380,real
842,UID-0842,CMS-2025-0050-0252,real
843,UID-0843,CMS-2025-0050-0893,real
844,UID-0844,CMS-2025-0050-0359,real
845,UID-0845,CMS-2025-0050-SYNTH-0023,synthetic
846,UID-0846,CMS-2025-0050-SYNTH-0104,synthetic
847,UID-0847,CMS-2025-0050-0520,real
848,UID-0848,CMS-2025-0050-0939,real
849,UID-0849,CMS-2025-0050-0552,real
850,UID-0850,CMS-2025-0050-0077,real
851,UID-0851,CMS-2025-0050-0104,real
852,UID-0852,CMS-2025-0050-0578,real
853,UID-0853,CMS-2025-0050-0638,real
854,UID-0854,CMS-2025-0050-SYNTH-0133,synthetic
855,UID-0855,CMS-2025-0050-0010,real
856,UID-0856,CMS-2025-0050-0076,real
857,UID-0857,CMS-2025-0050-0771,real
858,UID-0858,CMS-2025-0050-0895,real
859,UID-0859,CMS-2025-0050-0470,real
860,UID-0860,CMS-2025-0050-0309,real
861,UID-0861,CMS-2025-0050-0662,real
862,UID-0862,CMS-2025-0050-0689,real
863,UID-0863,CMS-2025-0050-0136,real
864,UID-0864,CMS-2025-0050-0407,real
865,UID-0865,CMS-2025-0050-SYNTH-0151,synthetic
866,UID-0866,CMS-2025-0050-0246,real
867,UID-0867,CMS-2025-0050-0907,real
868,UID-0868,CMS-2025-0050-0735,real
869,UID-0869,CMS-2025-0050-SYNTH-0027,synthetic
870,UID-0870,CMS-2025-0050-SYNTH-0177,synthetic
871,UID-0871,CMS-2025-0050-0269,real
872,UID-0872,CMS-2025-0050-SYNTH-0091,synthetic
873,UID-0873,CMS-2025-0050-0537,real
874,UID-0874,CMS-2025-0050-0580,real
875,UID-0875,CMS-2025-0050-0599,real
876,UID-0876,CMS-2025-0050-0675,real
877,UID-0877,CMS-2025-0050-SYNTH-0146,synthetic
878,UID-0878,CMS-2025-0050-0085,real
879,UID-0879,CMS-2025-0050-0636,real
880,UID-0880,CMS-2025-0050-0042,real
881,UID-0881,CMS-2025-0050-0610,real
882,UID-0882,CMS-2025-0050-SYNTH-0157,synthetic
883,UID-0883,CMS-2025-0050-0254,real
884,UID-0884,CMS-2025-0050-0585,real
885,UID-0885,CMS-2025-0050-0124,real
886,UID-0886,CMS-2025-0050-0415,real
887,UID-0887,CMS-2025-0050-0242,real
888,UID-0888,CMS-2025-0050-0956,real
889,UID-0889,CMS-2025-0050-0693,real
890,UID-0890,CMS-2025-0050-SYNTH-0036,synthetic
891,UID-0891,CMS-2025-0050-0611,real
892,UID-0892,CMS-2025-0050-0072,real
893,UID-0893,CMS-2025-0050-0192,real
894,UID-0894,CMS-2025-0050-0873,real
895,UID-0895,CMS-2025-0050-0084,real
896,UID-0896,CMS-2025-0050-0522,real
897,UID-0897,CMS-2025-0050-0906,real
898,UID-0898,CMS-2025-0050-SYNTH-0067,synthetic
899,UID-0899,CMS-2025-0050-0545,real
900,UID-0900,CMS-2025-0050-0875,real
901,UID-0901,CMS-2025-0050-SYNTH-0099,synthetic
902,UID-0902,CMS-2025-0050-0490,real
903,UID-0903,CMS-2025-0050-0600,real
904,UID-0904,CMS-2025-0050-0952,real
905,UID-0905,CMS-2025-0050-0060,real
906,UID-0906,CMS-2025-0050-0323,real
907,UID-0907,CMS-2025-0050-SYNTH-0079,synthetic
908,UID-0908,CMS-2025-0050-0979,real
909,UID-0909,CMS-2025-0050-0557,real
910,UID-0910,CMS-2025-0050-0755,real
911,UID-0911,CMS-2025-0050-0595,real
912,UID-0912,CMS-2025-0050-0061,real
913,UID-0913,CMS-2025-0050-0224,real
914,UID-0914,CMS-2025-0050-0305,real
915,UID-0915,CMS-2025-0050-0970,real
916,UID-0916,CMS-2025-0050-0160,real
917,UID-0917,CMS-2025-0050-0500,real
918,UID-0918,CMS-2025-0050-SYNTH-0173,synthetic
919,UID-0919,CMS-2025-0050-0679,real
920,UID-0920,CMS-2025-0050-SYNTH-0152,synthetic
921,UID-0921,CMS-2025-0050-SYNTH-0035,synthetic
922,UID-0922,CMS-2025-0050-0750,real
923,UID-0923,CMS-2025-0050-0715,real
924,UID-0924,CMS-2025-0050-SYNTH-0005,synthetic
925,UID-0925,CMS-2025-0050-SYNTH-0121,synthetic
926,UID-0926,CMS-2025-0050-0467,real
927,UID-0927,CMS-2025-0050-SYNTH-0015,synthetic
928,UID-0928,CMS-2025-0050-0804,real
929,UID-0929,CMS-2025-0050-0273,real
930,UID-0930,CMS-2025-0050-0401,real
931,UID-0931,CMS-2025-0050-0003,real
932,UID-0932,CMS-2025-0050-0390,real
933,UID-0933,CMS-2025-0050-0170,real
934,UID-0934,CMS-2025-0050-SYNTH-0038,synthetic
935,UID-0935,CMS-2025-0050-SYNTH-0051,synthetic
936,UID-0936,CMS-2025-0050-0412,real
937,UID-0937,CMS-2025-0050-0887,real
938,UID-0938,CMS-2025-0050-0220,real
939,UID-0939,CMS-2025-0050-0494,real
940,UID-0940,CMS-2025-0050-SYNTH-0026,synthetic
941,UID-0941,CMS-2025-0050-SYNTH-0012,synthetic
942,UID-0942,CMS-2025-0050-0172,real
943,UID-0943,CMS-2025-0050-0244,real
944,UID-0944,CMS-2025-0050-0871,real
945,UID-0945,CMS-2025-0050-0773,real
946,UID-0946,CMS-2025-0050-0097,real
947,UID-0947,CMS-2025-0050-0016,real
948,UID-0948,CMS-2025-0050-0858,real
949,UID-0949,CMS-2025-0050-0555,real
950,UID-0950,CMS-2025-0050-0669,real
951,UID-0951,CMS-2025-0050-SYNTH-0208,synthetic
952,UID-0952,CMS-2025-0050-0980,real
953,UID-0953,CMS-2025-0050-SYNTH-0207,synthetic
954,UID-0954,CMS-2025-0050-0878,real
955,UID-0955,CMS-2025-0050-0974,real
956,UID-0956,CMS-2025-0050-0829,real
957,UID-0957,CMS-2025-0050-0455,real
958,UID-0958,CMS-2025-0050-0079,real
959,UID-0959,CMS-2025-0050-0947,real
960,UID-0960,CMS-2025-0050-0897,real
961,UID-0961,CMS-2025-0050-SYNTH-0192,synthetic
962,UID-0962,CMS-2025-0050-0475,real
963,UID-0963,CMS-2025-0050-SYNTH-0110,synthetic
964,UID-0964,CMS-2025-0050-0189,real
965,UID-0965,CMS-2025-0050-SYNTH-0127,synthetic
966,UID-0966,CMS-2025-0050-0145,real
967,UID-0967,CMS-2025-0050-0461,real
968,UID-0968,CMS-2025-0050-0551,real
969,UID-0969,CMS-2025-0050-SYNTH-0011,synthetic
970,UID-0970,CMS-2025-0050-0198,real
971,UID-0971,CMS-2025-0050-0256,real
972,UID-0972,CMS-2025-0050-0113,real
973,UID-0973,CMS-2025-0050-0884,real
974,UID-0974,CMS-2025-0050-0821,real
975,UID-0975,CMS-2025-0050-0349,real
976,UID-0976,CMS-2025-0050-0747,real
977,UID-0977,CMS-2025-0050-0414,real
978,UID-0978,CMS-2025-0050-0064,real
979,UID-0979,CMS-2025-0050-0102,real
980,UID-0980,CMS-2025-0050-0663,real
981,UID-0981,CMS-2025-0050-0671,real
982,UID-0982,CMS-2025-0050-SYNTH-0178,synthetic
983,UID-0983,CMS-2025-0050-0057,real
984,UID-0984,CMS-2025-0050-0748,real
985,UID-0985,CMS-2025-0050-0886,real
986,UID-0986,CMS-2025-0050-0480,real
987,UID-0987,CMS-2025-0050-0422,real
988,UID-0988,CMS-2025-0050-SYNTH-0082,synthetic
989,UID-0989,CMS-2025-0050-0364,real
990,UID-0990,CMS-2025-0050-0443,real
991,UID-0991,CMS-2025-0050-0676,real
992,UID-0992,CMS-2025-0050-0101,real
993,UID-0993,CMS-2025-0050-SYNTH-0108,synthetic
994,UID-0994,CMS-2025-0050-0196,real
995,UID-0995,CMS-2025-0050-0418,real
996,UID-0996,CMS-2025-0050-0828,real
997,UID-0997,CMS-2025-0050-SYNTH-0017,synthetic
998,UID-0998,CMS-2025-0050-0805,real
999,UID-0999,CMS-2025-0050-0250,real
1000,UID-1000,CMS-2025-0050-0486,real
1001,UID-1001,CMS-2025-0050-0592,real
1002,UID-1002,CMS-2025-0050-0586,real
1003,UID-1003,CMS-2025-0050-0905,real
1004,UID-1004,CMS-2025-0050-0959,real
1005,UID-1005,CMS-2025-0050-SYNTH-0162,synthetic
1006,UID-1006,CMS-2025-0050-SYNTH-0128,synthetic
1007,UID-1007,CMS-2025-0050-SYNTH-0137,synthetic
1008,UID-1008,CMS-2025-0050-0221,real
1009,UID-1009,CMS-2025-0050-0499,real
1010,UID-1010,CMS-2025-0050-0687,real
1011,UID-1011,CMS-2025-0050-SYNTH-0119,synthetic
1012,UID-1012,CMS-2025-0050-0245,real
1013,UID-1013,CMS-2025-0050-0528,real
1014,UID-1014,CMS-2025-0050-0074,real
1015,UID-1015,CMS-2025-0050-SYNTH-0060,synthetic
1016,UID-1016,CMS-2025-0050-0882,real
1017,UID-1017,CMS-2025-0050-0034,real
1018,UID-1018,CMS-2025-0050-0929,real
1019,UID-1019,CMS-2025-0050-0071,real
1020,UID-1020,CMS-2025-0050-SYNTH-0097,synthetic
1021,UID-1021,CMS-2025-0050-0062,real
1022,UID-1022,CMS-2025-0050-SYNTH-0131,synthetic
1023,UID-1023,CMS-2025-0050-0726,real
1024,UID-1024,CMS-2025-0050-0147,real
1025,UID-1025,CMS-2025-0050-0015,real
1026,UID-1026,CMS-2025-0050-SYNTH-0188,synthetic
1027,UID-1027,CMS-2025-0050-0473,real
1028,UID-1028,CMS-2025-0050-0045,real
1029,UID-1029,CMS-2025-0050-0694,real
1030,UID-1030,CMS-2025-0050-0133,real
1031,UID-1031,CMS-2025-0050-0462,real
1032,UID-1032,CMS-2025-0050-0509,real
1033,UID-1033,CMS-2025-0050-0249,real
1034,UID-1034,CMS-2025-0050-0926,real
1035,UID-1035,CMS-2025-0050-0899,real
1036,UID-1036,CMS-2025-0050-0766,real
1037,UID-1037,CMS-2025-0050-SYNTH-0115,synthetic
1038,UID-1038,CMS-2025-0050-0640,real
1039,UID-1039,CMS-2025-0050-0413,real
1040,UID-1040,CMS-2025-0050-0435,real
1041,UID-1041,CMS-2025-0050-0868,real
1042,UID-1042,CMS-2025-0050-SYNTH-0120,synthetic
1043,UID-1043,CMS-2025-0050-0340,real
1044,UID-1044,CMS-2025-0050-0975,real
1045,UID-1045,CMS-2025-0050-0264,real
1046,UID-1046,CMS-2025-0050-0259,real
1047,UID-1047,CMS-2025-0050-0143,real
1048,UID-1048,CMS-2025-0050-SYNTH-0013,synthetic
1049,UID-1049,CMS-2025-0050-0177,real
1050,UID-1050,CMS-2025-0050-SYNTH-0165,synthetic
1051,UID-1051,CMS-2025-0050-0495,real
1052,UID-1052,CMS-2025-0050-0120,real
1053,UID-1053,CMS-2025-0050-0492,real
1054,UID-1054,CMS-2025-0050-0631,real
1055,UID-1055,CMS-2025-0050-0745,real
1056,UID-1056,CMS-2025-0050-0231,real
1057,UID-1057,CMS-2025-0050-0041,real
1058,UID-1058,CMS-2025-0050-SYNTH-0018,synthetic
1059,UID-1059,CMS-2025-0050-0665,real
1060,UID-1060,CMS-2025-0050-0002,real
1061,UID-1061,CMS-2025-0050-0332,real
1062,UID-1062,CMS-2025-0050-0767,real
1063,UID-1063,CMS-2025-0050-SYNTH-0106,synthetic
1064,UID-1064,CMS-2025-0050-SYNTH-0191,synthetic
1065,UID-1065,CMS-2025-0050-SYNTH-0085,synthetic
1066,UID-1066,CMS-2025-0050-0613,real
1067,UID-1067,CMS-2025-0050-0219,real
1068,UID-1068,CMS-2025-0050-SYNTH-0057,synthetic
1069,UID-1069,CMS-2025-0050-0367,real
1070,UID-1070,CMS-2025-0050-SYNTH-0043,synthetic
1071,UID-1071,CMS-2025-0050-0541,real
1072,UID-1072,CMS-2025-0050-0007,real
1073,UID-1073,CMS-2025-0050-0931,real
1074,UID-1074,CMS-2025-0050-0325,real
1075,UID-1075,CMS-2025-0050-0892,real
1076,UID-1076,CMS-2025-0050-0603,real
1077,UID-1077,CMS-2025-0050-SYNTH-0209,synthetic
1078,UID-1078,CMS-2025-0050-SYNTH-0182,synthetic
1079,UID-1079,CMS-2025-0050-SYNTH-0145,synthetic
1080,UID-1080,CMS-2025-0050-0236,real
1081,UID-1081,CMS-2025-0050-0024,real
1082,UID-1082,CMS-2025-0050-0516,real
1083,UID-1083,CMS-2025-0050-0960,real
1084,UID-1084,CMS-2025-0050-0783,real
1085,UID-1085,CMS-2025-0050-0790,real
1086,UID-1086,CMS-2025-0050-0132,real
1087,UID-1087,CMS-2025-0050-SYNTH-0200,synthetic
1088,UID-1088,CMS-2025-0050-0329,real
1089,UID-1089,CMS-2025-0050-0315,real
1090,UID-1090,CMS-2025-0050-0226,real
1091,UID-1091,CMS-2025-0050-0098,real
1092,UID-1092,CMS-2025-0050-0188,real
1093,UID-1093,CMS-2025-0050-SYNTH-0028,synthetic
1094,UID-1094,CMS-2025-0050-SYNTH-0061,synthetic
1095,UID-1095,CMS-2025-0050-0285,real
1096,UID-1096,CMS-2025-0050-SYNTH-0136,synthetic
1097,UID-1097,CMS-2025-0050-0743,real
1098,UID-1098,CMS-2025-0050-0819,real
1099,UID-1099,CMS-2025-0050-0879,real
1100,UID-1100,CMS-2025-0050-0540,real
1101,UID-1101,CMS-2025-0050-0507,real
1102,UID-1102,CMS-2025-0050-SYNTH-0204,synthetic
1103,UID-1103,CMS-2025-0050-0544,real
1104,UID-1104,CMS-2025-0050-0294,real
1105,UID-1105,CMS-2025-0050-0941,real
1106,UID-1106,CMS-2025-0050-0812,real
1107,UID-1107,CMS-2025-0050-SYNTH-0040,synthetic
1108,UID-1108,CMS-2025-0050-0437,real
1109,UID-1109,CMS-2025-0050-0646,real
1110,UID-1110,CMS-2025-0050-0434,real
1111,UID-1111,CMS-2025-0050-0137,real
1112,UID-1112,CMS-2025-0050-0550,real
1113,UID-1113,CMS-2025-0050-0823,real
1114,UID-1114,CMS-2025-0050-0648,real
1115,UID-1115,CMS-2025-0050-SYNTH-0199,synthetic
1116,UID-1116,CMS-2025-0050-0471,real
1117,UID-1117,CMS-2025-0050-0116,real
1118,UID-1118,CMS-2025-0050-0666,real
1119,UID-1119,CMS-2025-0050-0451,real
1120,UID-1120,CMS-2025-0050-0554,real
1121,UID-1121,CMS-2025-0050-0779,real
1122,UID-1122,CMS-2025-0050-0948,real
1123,UID-1123,CMS-2025-0050-0336,real
1124,UID-1124,CMS-2025-0050-SYNTH-0206,synthetic
1125,UID-1125,CMS-2025-0050-SYNTH-0111,synthetic
1126,UID-1126,CMS-2025-0050-0352,real
1127,UID-1127,CMS-2025-0050-0148,real
1128,UID-1128,CMS-2025-0050-0548,real
1129,UID-1129,CMS-2025-0050-0431,real
1130,UID-1130,CMS-2025-0050-0729,real
1131,UID-1131,CMS-2025-0050-0760,real
1132,UID-1132,CMS-2025-0050-0335,real
1133,UID-1133,CMS-2025-0050-0749,real
1134,UID-1134,CMS-2025-0050-0930,real
1135,UID-1135,CMS-2025-0050-SYNTH-0181,synthetic
1136,UID-1136,CMS-2025-0050-SYNTH-0175,synthetic
1137,UID-1137,CMS-2025-0050-0208,real
1138,UID-1138,CMS-2025-0050-SYNTH-0195,synthetic
1139,UID-1139,CMS-2025-0050-0165,real
1140,UID-1140,CMS-2025-0050-0594,real
1141,UID-1141,CMS-2025-0050-0468,real
1142,UID-1142,CMS-2025-0050-0095,real
1143,UID-1143,CMS-2025-0050-0144,real
1144,UID-1144,CMS-2025-0050-0395,real
1145,UID-1145,CMS-2025-0050-0742,real
1146,UID-1146,CMS-2025-0050-0602,real
1147,UID-1147,CMS-2025-0050-SYNTH-0148,synthetic
1148,UID-1148,CMS-2025-0050-0163,real
1149,UID-1149,CMS-2025-0050-0777,real
1150,UID-1150,CMS-2025-0050-0257,real
1151,UID-1151,CMS-2025-0050-SYNTH-0116,synthetic
1152,UID-1152,CMS-2025-0050-0942,real
1153,UID-1153,CMS-2025-0050-0090,real
1154,UID-1154,CMS-2025-0050-0543,real
1155,UID-1155,CMS-2025-0050-0706,real
1156,UID-1156,CMS-2025-0050-0737,real
1157,UID-1157,CMS-2025-0050-0200,real
1158,UID-1158,CMS-2025-0050-0780,real
1159,UID-1159,CMS-2025-0050-0191,real
1160,UID-1160,CMS-2025-0050-SYNTH-0203,synthetic
1161,UID-1161,CMS-2025-0050-0691,real
1162,UID-1162,CMS-2025-0050-0442,real
1163,UID-1163,CMS-2025-0050-0320,real
1164,UID-1164,CMS-2025-0050-SYNTH-0186,synthetic
1165,UID-1165,CMS-2025-0050-0698,real
1166,UID-1166,CMS-2025-0050-0867,real
1167,UID-1167,CMS-2025-0050-0328,real
1168,UID-1168,CMS-2025-0050-0014,real
1169,UID-1169,CMS-2025-0050-0571,real
1170,UID-1170,CMS-2025-0050-0921,real
1171,UID-1171,CMS-2025-0050-0453,real
1172,UID-1172,CMS-2025-0050-0861,real
1173,UID-1173,CMS-2025-0050-SYNTH-0202,synthetic
1174,UID-1174,CMS-2025-0050-0409,real
1175,UID-1175,CMS-2025-0050-SYNTH-0167,synthetic
1176,UID-1176,CMS-2025-0050-0056,real
1177,UID-1177,CMS-2025-0050-SYNTH-0052,synthetic
1178,UID-1178,CMS-2025-0050-0478,real
1179,UID-1179,CMS-2025-0050-0449,real
1180,UID-1180,CMS-2025-0050-0193,real
1181,UID-1181,CMS-2025-0050-0063,real
1182,UID-1182,CMS-2025-0050-0067,real
1183,UID-1183,CMS-2025-0050-0866,real
1184,UID-1184,CMS-2025-0050-0180,real
1185,UID-1185,CMS-2025-0050-SYNTH-0134,synthetic
1186,UID-1186,CMS-2025-0050-0211,real
1187,UID-1187,CMS-2025-0050-0287,real
1188,UID-1188,CMS-2025-0050-0459,real
1189,UID-1189,CMS-2025-0050-0503,real
1190,UID-1190,CMS-2025-0050-0565,real
1191,UID-1191,CMS-2025-0050-0053,real
1192,UID-1192,CMS-2025-0050-0230,real
